case_id,arm_id,precision,moe_runner_backend,moe_a2a_backend,tp,ep,dp,concurrency,completed,measured_acceptance_length,measured_acceptance_rate,measured_spec_verify_ct,measured_spec_covered,measured_spec_correct_drafts,measured_spec_proposed_drafts,prompt_format,duration_s,input_tokens,output_tokens,output_tok_s,output_tok_s_gpu,interactivity_tok_s_user,result_sha256,case_manifest_sha256,sglang_commit,flashinfer_commit,flashinfer_wheel_commit,flashinfer_python_patch,image,mean_ttft_ms,median_ttft_ms,std_ttft_ms,p90_ttft_ms,p99_ttft_ms,p99.9_ttft_ms,mean_tpot_ms,median_tpot_ms,std_tpot_ms,p90_tpot_ms,p99_tpot_ms,p99.9_tpot_ms,mean_itl_ms,median_itl_ms,std_itl_ms,p90_itl_ms,p99_itl_ms,p99.9_itl_ms,mean_e2el_ms,median_e2el_ms,std_e2el_ms,p90_e2el_ms,p99_e2el_ms,p99.9_e2el_ms
megamoe-w4a16-tp8-ep8-dp8-c16,megamoe-w4a16,w4a16,flashinfer_megamoe,flashinfer_megamoe,8,8,8,16,160,4.612368949800248,0.7226504780742559,255818,160,924335,1279090,DeepSeek-V4.1 chat; reasoning_effort=None,232.26125034270808,148060,1179927,5080.171566539766,635.0214458174707,399.2358193524942,313f388bcb36ab588b384e5d9f40d17882467b6df47ced70fa353b7b76c9f42d,dbc910a483aa0d19b42acdf953815908972e4e6750c695e58ef05593ac899747,29c2b32d7f7351082168e622a4747bcff6469271,7a962707af69863d386be2a9bc01ee4607470bcc,a03f2205263d4e691d68e485bff287e37a19b6c3,"{'original_sha256': 'a07193ecc61c522a1dc26548662524d1cbf27a0b0257888fbb4ca241bd2c7593', 'sha256': 'a4c20af8ad49c1d050db3dd9b933fa771a4b9d5ca830c5de8a6c66376aa19114', 'source_file': 'flashinfer/gemm/kernels/dense_blockscaled_gemm_sm100.py'}",lmsysorg/sglang:nightly-dev-cu13-20260930-cae69be5@sha256:0412c5b792cb35706de0359de4a1af52c160d4bdef6ff7530baf9df4e2a7b0b4,2200.898391183,303.2461744733155,3676.101388813121,6698.8893157802495,17485.999876279384,18817.236168481886,2.705765834607282,2.504785271075784,0.7139894891669246,3.2492358415081615,5.916371569489278,6.249496388535033,399.39443084992064,202.8796151280403,933.8121833260382,797.0127939246603,2718.223913265426,13685.080516400785,22200.574325959315,20446.74057047814,6534.82346679025,29715.46053444035,46116.4441046072,49446.91196830805
megamoe-w4a16-tp8-ep8-dp8-c2,megamoe-w4a16,w4a16,flashinfer_megamoe,flashinfer_megamoe,8,8,8,2,20,4.830384602665432,0.7662753397929826,30239,20,115857,151195,DeepSeek-V4.1 chat; reasoning_effort=None,148.77039807662368,18383,146066,981.8216653878227,122.72770817347784,516.8924012241329,837d4d8345b6ed981c58c69633955f8c305488fc99caac1e513e792561cf762f,cebf94e2507664c82a9ec12dc3ce3570bd4da04fa8a0540c94f71341a03b574f,29c2b32d7f7351082168e622a4747bcff6469271,7a962707af69863d386be2a9bc01ee4607470bcc,a03f2205263d4e691d68e485bff287e37a19b6c3,"{'original_sha256': 'a07193ecc61c522a1dc26548662524d1cbf27a0b0257888fbb4ca241bd2c7593', 'sha256': 'a4c20af8ad49c1d050db3dd9b933fa771a4b9d5ca830c5de8a6c66376aa19114', 'source_file': 'flashinfer/gemm/kernels/dense_blockscaled_gemm_sm100.py'}",lmsysorg/sglang:nightly-dev-cu13-20260930-cae69be5@sha256:0412c5b792cb35706de0359de4a1af52c160d4bdef6ff7530baf9df4e2a7b0b4,443.72391782235354,298.7719289958477,409.24283626243675,969.0264476928861,1760.121095809153,1909.7552676103091,1.9695186812839889,1.934638616531691,0.24305002549881116,2.286552372545437,2.445664292894121,2.4720643877596262,259.5970953874418,120.24239590391517,688.8336068395921,566.619111225009,1437.5775238405952,11644.596317786843,14812.422884698026,14886.134897125885,1802.5239678744247,17094.90213971585,18160.635220101103,18358.627994054
megamoe-w4a16-tp8-ep8-dp8-c32,megamoe-w4a16,w4a16,flashinfer_megamoe,flashinfer_megamoe,8,8,8,32,320,4.714787116765486,0.7431167257595169,503445,320,1870592,2517225,DeepSeek-V4.1 chat; reasoning_effort=None,278.6190579449758,294735,2373636,8519.288011047569,1064.9110013809461,315.4492769165177,f575e83143fe872d248c5690c8f1dd4eb5b0dfb6e426220e14e4835f554b0933,d7f9e949ec8f565d9b3d8d8684c648462302ccf6693b5cfa7d597a5c336346f0,29c2b32d7f7351082168e622a4747bcff6469271,7a962707af69863d386be2a9bc01ee4607470bcc,a03f2205263d4e691d68e485bff287e37a19b6c3,"{'original_sha256': 'a07193ecc61c522a1dc26548662524d1cbf27a0b0257888fbb4ca241bd2c7593', 'sha256': 'a4c20af8ad49c1d050db3dd9b933fa771a4b9d5ca830c5de8a6c66376aa19114', 'source_file': 'flashinfer/gemm/kernels/dense_blockscaled_gemm_sm100.py'}",lmsysorg/sglang:nightly-dev-cu13-20260930-cae69be5@sha256:0412c5b792cb35706de0359de4a1af52c160d4bdef6ff7530baf9df4e2a7b0b4,1736.2987546614022,565.0991424918175,2423.5557143214373,4965.37206345238,9722.071348028257,15229.815395774851,3.346189106954707,3.1700817633024587,0.804576947281425,3.913131034421021,7.146537478373457,8.147505611673308,452.9674230647981,194.61266975849867,1234.8983856958866,942.0125098899006,2923.861164189876,19606.49884106236,26532.01841548871,25218.2504076045,6371.9499733581615,33636.97294378654,54926.6505984543,60938.61821637788
megamoe-w4a16-tp8-ep8-dp8-c4,megamoe-w4a16,w4a16,flashinfer_megamoe,flashinfer_megamoe,8,8,8,4,40,4.496625386996904,0.6994705882352941,64600,40,225929,323000,DeepSeek-V4.1 chat; reasoning_effort=None,173.83411523001269,37108,290482,1671.0298759000323,208.87873448750403,491.91649873238816,608375ca523c57674c9e1496001fa44b89fafcae996774967cd9a44a1a209952,d23c17e0f05e5dc919ac4d8bc9e2b2e63f1da3dcff2bf03c96f3ac6e884e9c99,29c2b32d7f7351082168e622a4747bcff6469271,7a962707af69863d386be2a9bc01ee4607470bcc,a03f2205263d4e691d68e485bff287e37a19b6c3,"{'original_sha256': 'a07193ecc61c522a1dc26548662524d1cbf27a0b0257888fbb4ca241bd2c7593', 'sha256': 'a4c20af8ad49c1d050db3dd9b933fa771a4b9d5ca830c5de8a6c66376aa19114', 'source_file': 'flashinfer/gemm/kernels/dense_blockscaled_gemm_sm100.py'}",lmsysorg/sglang:nightly-dev-cu13-20260930-cae69be5@sha256:0412c5b792cb35706de0359de4a1af52c160d4bdef6ff7530baf9df4e2a7b0b4,389.244013663847,289.88602035678923,569.0158133995907,546.3988829869777,2592.982365409842,3764.239924273938,2.276288867612425,2.03286533909085,0.7716474323706553,2.6775450105899967,5.330130655701378,5.352312612876417,294.510579452359,155.76983196660876,636.1130848833084,598.3739957213402,1953.778664804973,9892.704592429141,16830.2969405544,15481.747180921957,5104.967862522805,20112.536708265547,36383.62878127489,36487.09443633864
megamoe-w4a16-tp8-ep8-dp8-c64,megamoe-w4a16,w4a16,flashinfer_megamoe,flashinfer_megamoe,8,8,8,64,640,4.665567751105496,0.7332726626658244,1013120,640,3714466,5065600,DeepSeek-V4.1 chat; reasoning_effort=None,362.94188719335943,590640,4726780,13023.51744669741,1627.9396808371762,253.47224201758493,196380a6657605c6cbdb62f324a70b87b458f28e80dc9fa91cd2f74823caeff2,0c6295e6578a27965188cf58c340c18694d7b77ad36322f2197a7aff9a24151b,29c2b32d7f7351082168e622a4747bcff6469271,7a962707af69863d386be2a9bc01ee4607470bcc,a03f2205263d4e691d68e485bff287e37a19b6c3,"{'original_sha256': 'a07193ecc61c522a1dc26548662524d1cbf27a0b0257888fbb4ca241bd2c7593', 'sha256': 'a4c20af8ad49c1d050db3dd9b933fa771a4b9d5ca830c5de8a6c66376aa19114', 'source_file': 'flashinfer/gemm/kernels/dense_blockscaled_gemm_sm100.py'}",lmsysorg/sglang:nightly-dev-cu13-20260930-cae69be5@sha256:0412c5b792cb35706de0359de4a1af52c160d4bdef6ff7530baf9df4e2a7b0b4,3729.4657355021627,2221.998991444707,4095.1989982492305,9419.329485436901,17116.391442148015,22633.87321638797,4.146556995797577,3.94520517134426,0.9831373026453831,5.072989185678519,8.249615492311941,10.47267102005775,553.3729907104698,262.28854106739163,1405.9722241181553,1162.2681328095496,3401.833820892493,22864.59374557726,34354.33735699189,32776.00748441182,8677.731004947807,44479.83985082246,63256.5314948559,84907.87947882469
megamoe-w4a16-tp8-ep8-dp8-c8,megamoe-w4a16,w4a16,flashinfer_megamoe,flashinfer_megamoe,8,8,8,8,80,4.771841079144273,0.7545530452264565,123357,80,465397,616785,DeepSeek-V4.1 chat; reasoning_effort=None,208.82877283496782,73857,588640,2818.7686591693355,352.34608239616693,453.14511879104356,4ac220bcff208fe908656cd5cc36969eea805dfd7b147d907faaf5697d3631df,09aa5116a7a0a0c0c62e2cc5e54cd3fb53a73f2e2a9dee98d36a76aaf6b11d2a,29c2b32d7f7351082168e622a4747bcff6469271,7a962707af69863d386be2a9bc01ee4607470bcc,a03f2205263d4e691d68e485bff287e37a19b6c3,"{'original_sha256': 'a07193ecc61c522a1dc26548662524d1cbf27a0b0257888fbb4ca241bd2c7593', 'sha256': 'a4c20af8ad49c1d050db3dd9b933fa771a4b9d5ca830c5de8a6c66376aa19114', 'source_file': 'flashinfer/gemm/kernels/dense_blockscaled_gemm_sm100.py'}",lmsysorg/sglang:nightly-dev-cu13-20260930-cae69be5@sha256:0412c5b792cb35706de0359de4a1af52c160d4bdef6ff7530baf9df4e2a7b0b4,2760.6649629655294,470.6532876007259,5443.526887754622,7842.767748283238,23629.546056049836,27976.76282385508,2.3074884197815058,2.2067985696677552,0.49292096549947867,2.704067035801463,4.387799309497569,5.0886426982694095,374.8930668216527,193.6554212588817,938.5303110839012,711.5923773963013,2345.278918314729,13433.407449302063,19762.065370136406,17268.183528911322,7362.601211053279,29556.436598487213,46497.77904841577,54008.39671887417
megamoe-w4a4-tp8-ep8-dp8-c16,megamoe-w4a4,w4a4,flashinfer_megamoe,flashinfer_megamoe,8,8,8,16,160,4.4856810483457075,0.6973179290078048,263043,160,917123,1315215,DeepSeek-V4.1 chat; reasoning_effort=None,243.02522366400808,148060,1179927,4855.162695503967,606.8953369379959,405.4074358633053,1a2ff70491e69238ea1872ec2f800f6948db5975f3c15e0194e784d7b40ac0f2,17b5a54791a2f2ab02d20990ed92b56254398a96d9b323330f14fc7c51c6b8cc,29c2b32d7f7351082168e622a4747bcff6469271,7a962707af69863d386be2a9bc01ee4607470bcc,a03f2205263d4e691d68e485bff287e37a19b6c3,"{'original_sha256': 'a07193ecc61c522a1dc26548662524d1cbf27a0b0257888fbb4ca241bd2c7593', 'sha256': 'a4c20af8ad49c1d050db3dd9b933fa771a4b9d5ca830c5de8a6c66376aa19114', 'source_file': 'flashinfer/gemm/kernels/dense_blockscaled_gemm_sm100.py'}",lmsysorg/sglang:nightly-dev-cu13-20260930-cae69be5@sha256:0412c5b792cb35706de0359de4a1af52c160d4bdef6ff7530baf9df4e2a7b0b4,2248.9538900874322,400.9566109161824,3707.4421740062894,7204.925254127008,15260.838579442345,21680.403277246798,2.759188550806282,2.4666543125202534,0.8749228487033038,3.470433020343853,6.337523562422645,6.851920664300744,358.23022579674347,186.8272228166461,809.5814304070192,742.6909421570599,2105.2563310787073,14123.84793072388,22576.280098655843,20002.69683660008,7244.579839729933,31980.017436388873,49142.70645632874,50206.88235756848
megamoe-w4a4-tp8-ep8-dp8-c2,megamoe-w4a4,w4a4,flashinfer_megamoe,flashinfer_megamoe,8,8,8,2,20,4.59312600232697,0.7187824282255275,31801,20,114290,159005,DeepSeek-V4.1 chat; reasoning_effort=None,165.1539355791174,18383,146066,884.4233683430858,110.55292104288573,553.8449523915166,3c0a753e5684b7fd706bb3c2e56d3e2228fd836827673105883acd9071a43f8d,79f002e9ef1a6dc46c17ea64542254e685cfaa2f1f4798ede207f39aae5b8d27,29c2b32d7f7351082168e622a4747bcff6469271,7a962707af69863d386be2a9bc01ee4607470bcc,a03f2205263d4e691d68e485bff287e37a19b6c3,"{'original_sha256': 'a07193ecc61c522a1dc26548662524d1cbf27a0b0257888fbb4ca241bd2c7593', 'sha256': 'a4c20af8ad49c1d050db3dd9b933fa771a4b9d5ca830c5de8a6c66376aa19114', 'source_file': 'flashinfer/gemm/kernels/dense_blockscaled_gemm_sm100.py'}",lmsysorg/sglang:nightly-dev-cu13-20260930-cae69be5@sha256:0412c5b792cb35706de0359de4a1af52c160d4bdef6ff7530baf9df4e2a7b0b4,745.8310700254515,285.2486374322325,1690.6048000307935,951.1341305449605,6709.54736435785,7921.402125081059,2.0880047446649166,1.8055594723432518,0.6042042211602349,3.009096212902667,3.684211458608274,3.701472088536307,302.60688534864033,155.6323515251279,700.8108211090972,598.8448955118656,2709.560468927955,8684.300633711322,16027.478585368954,13826.148031279445,4726.656622904309,24203.23701421731,27454.134132489562,27497.479000432417
megamoe-w4a4-tp8-ep8-dp8-c32,megamoe-w4a4,w4a4,flashinfer_megamoe,flashinfer_megamoe,8,8,8,32,320,4.545688880888135,0.7092955782853575,522173,320,1851875,2610865,DeepSeek-V4.1 chat; reasoning_effort=None,283.1478758370504,294735,2373636,8383.025982388124,1047.8782477985155,334.0656580942618,628e3f746229da9a6926c6cc2f1723a796f185742db30898ed73fa148aa453a1,3b036d4cbcdb76758b4dd54b1177290542ad6df6ea21c74269752656ef066c4d,29c2b32d7f7351082168e622a4747bcff6469271,7a962707af69863d386be2a9bc01ee4607470bcc,a03f2205263d4e691d68e485bff287e37a19b6c3,"{'original_sha256': 'a07193ecc61c522a1dc26548662524d1cbf27a0b0257888fbb4ca241bd2c7593', 'sha256': 'a4c20af8ad49c1d050db3dd9b933fa771a4b9d5ca830c5de8a6c66376aa19114', 'source_file': 'flashinfer/gemm/kernels/dense_blockscaled_gemm_sm100.py'}",lmsysorg/sglang:nightly-dev-cu13-20260930-cae69be5@sha256:0412c5b792cb35706de0359de4a1af52c160d4bdef6ff7530baf9df4e2a7b0b4,1986.7473794263788,496.24227825552225,3003.0744409192625,5791.753455065192,12679.994708783926,18627.165812357878,3.3327446526054016,2.9934235254969983,1.0532223445267703,4.585556700223794,7.7251784425624805,7.992586289100318,458.3959634132031,220.2990809455514,1140.3302854684073,916.2020443007355,2998.76379298045,17965.112770652846,26701.452025061008,24283.912288490683,8183.031540813489,36544.351820182055,57365.307443020865,64680.27814170085
megamoe-w4a4-tp8-ep8-dp8-c4,megamoe-w4a4,w4a4,flashinfer_megamoe,flashinfer_megamoe,8,8,8,4,40,4.253591249212927,0.65086761066612,68291,40,222242,341455,DeepSeek-V4.1 chat; reasoning_effort=None,181.78858129680157,37108,290482,1597.9111445164835,199.73889306456044,489.30154937743197,01510396ba5f78c2626682d5aeff2a32042e6c67130af2e178566dbb248a64b5,c96776d7a0eec96bdebf7b99a3b65ca428c0569fede0455da959fae979021661,29c2b32d7f7351082168e622a4747bcff6469271,7a962707af69863d386be2a9bc01ee4607470bcc,a03f2205263d4e691d68e485bff287e37a19b6c3,"{'original_sha256': 'a07193ecc61c522a1dc26548662524d1cbf27a0b0257888fbb4ca241bd2c7593', 'sha256': 'a4c20af8ad49c1d050db3dd9b933fa771a4b9d5ca830c5de8a6c66376aa19114', 'source_file': 'flashinfer/gemm/kernels/dense_blockscaled_gemm_sm100.py'}",lmsysorg/sglang:nightly-dev-cu13-20260930-cae69be5@sha256:0412c5b792cb35706de0359de4a1af52c160d4bdef6ff7530baf9df4e2a7b0b4,298.2407371979207,281.78514866158366,92.8191869525513,343.2446625549349,562.8641432430595,562.8787890849635,2.353573545608097,2.0437294778084407,0.8146166585292058,3.577654516230372,5.088982357988707,5.311257885531273,331.7595449682934,175.32228492200375,838.1206336540171,610.0419496186076,2089.350309344008,12507.944030593924,17450.209040066693,14950.74567431584,6386.798847889436,25985.461729206152,38265.42411278467,39301.22508234299
megamoe-w4a4-tp8-ep8-dp8-c64,megamoe-w4a4,w4a4,flashinfer_megamoe,flashinfer_megamoe,8,8,8,64,640,4.388790468444177,0.6779098097328535,1077012,640,3650585,5385060,DeepSeek-V4.1 chat; reasoning_effort=None,379.2861160701141,590640,4726780,12462.30694910598,1557.7883686382474,264.7192432513047,7b0d24c56bd4c2e3fd5ecd3f853c74069713e534b72f0f11c275043c2d397d74,f9e963ba35f4fdd1f6da82fe66a59fee78e4263d511eae0643c746ad2ecf293c,29c2b32d7f7351082168e622a4747bcff6469271,7a962707af69863d386be2a9bc01ee4607470bcc,a03f2205263d4e691d68e485bff287e37a19b6c3,"{'original_sha256': 'a07193ecc61c522a1dc26548662524d1cbf27a0b0257888fbb4ca241bd2c7593', 'sha256': 'a4c20af8ad49c1d050db3dd9b933fa771a4b9d5ca830c5de8a6c66376aa19114', 'source_file': 'flashinfer/gemm/kernels/dense_blockscaled_gemm_sm100.py'}",lmsysorg/sglang:nightly-dev-cu13-20260930-cae69be5@sha256:0412c5b792cb35706de0359de4a1af52c160d4bdef6ff7530baf9df4e2a7b0b4,3709.98646584776,2420.513130258769,3617.1179003901093,9167.397572658956,14261.236989959143,16933.09436521173,4.247070975025074,3.77758710593878,1.401029554208774,5.762028658005308,9.748662525454876,10.472709875650963,574.5299241866186,303.53398295119405,1396.5045188116737,1141.8755230493844,3631.6910265153215,22339.110242754465,35070.343143669015,31938.427582150325,11259.508959346718,47196.5179101564,79208.97752456368,90324.82176096395
megamoe-w4a4-tp8-ep8-dp8-c8,megamoe-w4a4,w4a4,flashinfer_megamoe,flashinfer_megamoe,8,8,8,8,80,4.374164016288678,0.6749918259370449,134572,80,454175,672860,DeepSeek-V4.1 chat; reasoning_effort=None,220.00242687389255,73857,588640,2675.6068483617864,334.4508560452233,460.6443598571064,c70719eed097a53b23e4daaa0090bcb70e81145cc2b0d362ab5fe38fd7381d98,93fb7159c4bf8f41375e32ed3ff1966cee3d4bc23f3e835ed65bf9ba665a8d23,29c2b32d7f7351082168e622a4747bcff6469271,7a962707af69863d386be2a9bc01ee4607470bcc,a03f2205263d4e691d68e485bff287e37a19b6c3,"{'original_sha256': 'a07193ecc61c522a1dc26548662524d1cbf27a0b0257888fbb4ca241bd2c7593', 'sha256': 'a4c20af8ad49c1d050db3dd9b933fa771a4b9d5ca830c5de8a6c66376aa19114', 'source_file': 'flashinfer/gemm/kernels/dense_blockscaled_gemm_sm100.py'}",lmsysorg/sglang:nightly-dev-cu13-20260930-cae69be5@sha256:0412c5b792cb35706de0359de4a1af52c160d4bdef6ff7530baf9df4e2a7b0b4,2246.1145026958548,512.9526713863015,3912.9437779467967,7802.020935388282,16443.637981796583,22577.30438283371,2.4776542359587816,2.1708721242352857,0.7855579445530761,3.7627559773592085,5.268730595311147,5.579905320922837,299.9809612638484,150.97395703196526,811.9354420790884,610.4187303222716,1772.5948802661173,12884.778549892895,20526.204131450504,18086.335437605157,7060.9520260282625,29046.460432186726,41560.88068216573,43108.011240765
trtllm-w4a4-tp8-ep8-dp8-c16,trtllm-w4a4,w4a4,flashinfer_trtllm_routed,none,8,8,8,16,160,4.615761060908344,0.7233188592888159,255630,160,924510,1278150,DeepSeek-V4.1 chat; reasoning_effort=None,255.41730271000415,148060,1179927,4619.604809387821,577.4506011734776,380.2204030016113,cfaee79448c2ce714dab759ea9a168f615d9359442aadc3094d6d3f1b3cf8115,2e511ec36a975560a4375d084ba0aab3e675b2964abe283d6581ee1ab98c6639,29c2b32d7f7351082168e622a4747bcff6469271,7a962707af69863d386be2a9bc01ee4607470bcc,a03f2205263d4e691d68e485bff287e37a19b6c3,"{'original_sha256': 'a07193ecc61c522a1dc26548662524d1cbf27a0b0257888fbb4ca241bd2c7593', 'sha256': 'a4c20af8ad49c1d050db3dd9b933fa771a4b9d5ca830c5de8a6c66376aa19114', 'source_file': 'flashinfer/gemm/kernels/dense_blockscaled_gemm_sm100.py'}",lmsysorg/sglang:nightly-dev-cu13-20260930-cae69be5@sha256:0412c5b792cb35706de0359de4a1af52c160d4bdef6ff7530baf9df4e2a7b0b4,2751.312146172859,545.8283759653568,4590.434730712275,9345.082575641569,19485.352262011715,22923.482720425833,2.9272482987463846,2.6300534955662602,0.8891420079429074,3.552370389512839,6.857723456478501,7.208268958615832,374.785675202121,180.74781401082873,928.5187054433591,750.0449799001225,2479.0516951307627,15612.28822390549,24331.939625611994,21519.405581988394,8086.890005546835,34452.87614944391,52868.435401818715,54313.77879189934
trtllm-w4a4-tp8-ep8-dp8-c2,trtllm-w4a4,w4a4,flashinfer_trtllm_routed,none,8,8,8,2,20,4.2485747527632345,0.6498836532867946,34380,20,111715,171900,DeepSeek-V4.1 chat; reasoning_effort=None,192.3086264547892,18383,146066,759.5395104875308,94.94243881094135,467.7101752948979,33119d1db85637441e49a198c549696737e4426be34a73615b3d6be02431f68c,c3f9e2de9f067607b6b659412a2dc97120dc6dce96c1257fee2b3a7dad66bf5b,29c2b32d7f7351082168e622a4747bcff6469271,7a962707af69863d386be2a9bc01ee4607470bcc,a03f2205263d4e691d68e485bff287e37a19b6c3,"{'original_sha256': 'a07193ecc61c522a1dc26548662524d1cbf27a0b0257888fbb4ca241bd2c7593', 'sha256': 'a4c20af8ad49c1d050db3dd9b933fa771a4b9d5ca830c5de8a6c66376aa19114', 'source_file': 'flashinfer/gemm/kernels/dense_blockscaled_gemm_sm100.py'}",lmsysorg/sglang:nightly-dev-cu13-20260930-cae69be5@sha256:0412c5b792cb35706de0359de4a1af52c160d4bdef6ff7530baf9df4e2a7b0b4,498.5562988324091,313.444409519434,453.09434598809855,1029.0088891517378,1816.1860698740925,1885.7299494454644,2.546222728217509,2.138076212195909,0.8616086506304252,3.455120860028203,5.228847655928698,5.511465447865055,268.3810149940128,159.98122678138316,585.8475457012712,542.0117064844816,1412.714971164241,9718.077645384776,19124.198526958935,16240.234330063686,6481.061714287387,27177.287290804095,38609.4612430455,40116.82138221945
trtllm-w4a4-tp8-ep8-dp8-c32,trtllm-w4a4,w4a4,flashinfer_trtllm_routed,none,8,8,8,32,320,4.695072187420261,0.7391750517743725,505559,320,1868483,2527795,DeepSeek-V4.1 chat; reasoning_effort=None,303.62980992672965,294735,2373636,7817.532806060095,977.1916007575119,298.42196527837194,5c21c94378b03e627fd2710c3ab16db807461b6681fcb4ea14dcbb4acdd047cd,4754f1dd24572997d7d371a828847dfede247b407f760cbd72f2494fdbcd42b2,29c2b32d7f7351082168e622a4747bcff6469271,7a962707af69863d386be2a9bc01ee4607470bcc,a03f2205263d4e691d68e485bff287e37a19b6c3,"{'original_sha256': 'a07193ecc61c522a1dc26548662524d1cbf27a0b0257888fbb4ca241bd2c7593', 'sha256': 'a4c20af8ad49c1d050db3dd9b933fa771a4b9d5ca830c5de8a6c66376aa19114', 'source_file': 'flashinfer/gemm/kernels/dense_blockscaled_gemm_sm100.py'}",lmsysorg/sglang:nightly-dev-cu13-20260930-cae69be5@sha256:0412c5b792cb35706de0359de4a1af52c160d4bdef6ff7530baf9df4e2a7b0b4,2224.274859506113,389.5682531874627,3498.915190904592,7321.457413444297,13593.043752498925,18248.883923518646,3.5878357076533627,3.350959769557133,0.9680226979588289,4.3516852807286694,8.652130793558296,9.069836636220739,504.6056555858641,233.7970135267824,1302.8837393470164,1013.9512212015688,3209.9216473521687,20315.063074429312,28807.53135575942,26711.382396053523,7840.022781911378,36632.257528742775,62916.654488034554,68558.71586710088
trtllm-w4a4-tp8-ep8-dp8-c4,trtllm-w4a4,w4a4,flashinfer_trtllm_routed,none,8,8,8,4,40,4.7335984095427435,0.7469054525307174,61366,40,229173,306830,DeepSeek-V4.1 chat; reasoning_effort=None,182.72214801982045,37108,290482,1589.7470730723376,198.7183841340422,464.5677380459042,9f0260ef481e4c68611578f517e6d46bae0a09ad51ebdeaf85cef9805508dbe6,d0a1275a0a279a173abc5b6a79aaeeecf78b8c238420c9847b66b83e5162634a,29c2b32d7f7351082168e622a4747bcff6469271,7a962707af69863d386be2a9bc01ee4607470bcc,a03f2205263d4e691d68e485bff287e37a19b6c3,"{'original_sha256': 'a07193ecc61c522a1dc26548662524d1cbf27a0b0257888fbb4ca241bd2c7593', 'sha256': 'a4c20af8ad49c1d050db3dd9b933fa771a4b9d5ca830c5de8a6c66376aa19114', 'source_file': 'flashinfer/gemm/kernels/dense_blockscaled_gemm_sm100.py'}",lmsysorg/sglang:nightly-dev-cu13-20260930-cae69be5@sha256:0412c5b792cb35706de0359de4a1af52c160d4bdef6ff7530baf9df4e2a7b0b4,309.6544986125082,304.30340813472867,51.97384402392205,330.3385339677334,464.13616629783064,464.1589405280538,2.3647348459237345,2.15253862484353,0.563363583122762,2.761979466112987,4.52160706226612,5.084477869630316,384.64096030662637,183.1318475306034,1036.691993069872,673.0006553698332,2731.8956286506536,13934.252453790712,17522.337284951936,16638.532274402678,4636.381409727758,20099.322966579348,35463.6686596414,40941.31342194378
trtllm-w4a4-tp8-ep8-dp8-c64,trtllm-w4a4,w4a4,flashinfer_trtllm_routed,none,8,8,8,64,640,4.688656533724288,0.7378955711112941,1008131,640,3719477,5040655,DeepSeek-V4.1 chat; reasoning_effort=None,425.4256343720481,590640,4726780,11110.70800182737,1388.8385002284213,221.20259830678904,809eb966118f528b4bfccb32c493a3eca04abab0b2e3c7cb2cc75104c8924b19,f9b9ef1b48004d683666b31333b70d0bc93900922e47f3b346ad8b74ae7137b7,29c2b32d7f7351082168e622a4747bcff6469271,7a962707af69863d386be2a9bc01ee4607470bcc,a03f2205263d4e691d68e485bff287e37a19b6c3,"{'original_sha256': 'a07193ecc61c522a1dc26548662524d1cbf27a0b0257888fbb4ca241bd2c7593', 'sha256': 'a4c20af8ad49c1d050db3dd9b933fa771a4b9d5ca830c5de8a6c66376aa19114', 'source_file': 'flashinfer/gemm/kernels/dense_blockscaled_gemm_sm100.py'}",lmsysorg/sglang:nightly-dev-cu13-20260930-cae69be5@sha256:0412c5b792cb35706de0359de4a1af52c160d4bdef6ff7530baf9df4e2a7b0b4,4400.422003420681,2191.4238550234586,5253.352727228738,11921.825397154324,21788.716618060138,25500.080261864183,4.876075637937772,4.520742557522248,1.259739445689863,6.077449429798683,10.466900794440962,12.366355800326305,681.4374063036131,321.5880962088704,1832.4273420859638,1331.7987639456992,4662.284891735765,28459.431201758038,40438.877923783,37560.06456911564,11225.659810398578,53084.519679611556,82168.65069408437,102847.6833064876
trtllm-w4a4-tp8-ep8-dp8-c8,trtllm-w4a4,w4a4,flashinfer_trtllm_routed,none,8,8,8,8,80,4.6899101281152396,0.7381222512588438,125512,80,463216,627560,DeepSeek-V4.1 chat; reasoning_effort=None,208.54854600690305,73857,588640,2822.5562406007652,352.81953007509566,437.2986076521513,e0e25ac89485e88f930dbc5339d443c90572bf5db51410ab62d1c099cac1aae5,35b09367b9b292d4afe69b9fd5f61d512f8c24b42d75bd6c0d8ae24046b5f702,29c2b32d7f7351082168e622a4747bcff6469271,7a962707af69863d386be2a9bc01ee4607470bcc,a03f2205263d4e691d68e485bff287e37a19b6c3,"{'original_sha256': 'a07193ecc61c522a1dc26548662524d1cbf27a0b0257888fbb4ca241bd2c7593', 'sha256': 'a4c20af8ad49c1d050db3dd9b933fa771a4b9d5ca830c5de8a6c66376aa19114', 'source_file': 'flashinfer/gemm/kernels/dense_blockscaled_gemm_sm100.py'}",lmsysorg/sglang:nightly-dev-cu13-20260930-cae69be5@sha256:0412c5b792cb35706de0359de4a1af52c160d4bdef6ff7530baf9df4e2a7b0b4,2653.150640206877,299.52051350846887,5825.638363488146,7989.069331064828,29691.83522038161,30446.885334834464,2.4199354026275577,2.286766942545239,0.5598209173931955,2.8495380166394244,4.5684199365003915,5.779735866867799,338.95261978429346,169.38902903348207,896.3939338435156,676.132623013109,1910.8690303936605,13655.618910968407,20469.347571616527,17854.39963033423,7459.1621274448735,30078.50574357436,49005.85452510509,50187.84092813405
