case_id,arm_id,precision,moe_runner_backend,moe_a2a_backend,tp,ep,dp,concurrency,completed,measured_acceptance_length,measured_acceptance_rate,measured_spec_verify_ct,measured_spec_covered,duration_s,input_tokens,output_tokens,output_tok_s,output_tok_s_gpu,interactivity_tok_s_user,result_sha256,case_manifest_sha256,sglang_commit,flashinfer_commit,image,mean_ttft_ms,median_ttft_ms,std_ttft_ms,p90_ttft_ms,p99_ttft_ms,p99.9_ttft_ms,mean_tpot_ms,median_tpot_ms,std_tpot_ms,p90_tpot_ms,p99_tpot_ms,p99.9_tpot_ms,mean_itl_ms,median_itl_ms,std_itl_ms,p90_itl_ms,p99_itl_ms,p99.9_itl_ms,mean_e2el_ms,median_e2el_ms,std_e2el_ms,p90_e2el_ms,p99_e2el_ms,p99.9_e2el_ms
megamoe-w4a16-tp4-ep4-dp4-c1,megamoe-w4a16,w4a16,flashinfer_megamoe,flashinfer_megamoe,4,4,4,1,10,3.577250726040658,0.8592287834785415,20660,10,340.8586501828395,9169,73906,216.8230143502481,54.20575358756202,222.42419701845273,7575bc3f4dc212d06e57fde1011cfb1f668640f6a4ddc891d1d3ad887d143860,4e044f52a881178a8fc3b6217d5febcc6292130a60fe7a0e042cfae906758a8b,9d38e0530a1e35d1756a7fabf044bc39b77209b8,a03f2205263d4e691d68e485bff287e37a19b6c3,lmsysorg/sglang:nightly-dev-cu13-20260930-cae69be5@sha256:0412c5b792cb35706de0359de4a1af52c160d4bdef6ff7530baf9df4e2a7b0b4,264.721253933385,285.93584382906556,46.44577025333685,295.39496530778706,296.8251540651545,296.96817294089124,4.569334182431935,4.4959137243374565,0.2006557041086919,4.765624954043068,5.027813928317009,5.054032825744404,534.2887623999179,293.041551951319,1187.1074763299937,1047.1726126968863,2196.6793469712093,19002.191173531315,34085.19969941117,33224.65409548022,3361.5162814720916,38652.71305474453,40824.74601515103,41041.94931119169
megamoe-w4a16-tp4-ep4-dp4-c16,megamoe-w4a16,w4a16,flashinfer_megamoe,flashinfer_megamoe,4,4,4,16,160,3.532211568684386,0.8441283972495712,334057,160,641.3585295639932,148067,1179960,1839.782189849658,459.9455474624145,121.86851904308581,1e12e3b6a813c01730862f8a958ac71b50c281bee5ac1f12fc569af47391be24,977b8897b171d09a05eb1ad8f1639403423e499c1a4a572c07caea3c7316ada8,9d38e0530a1e35d1756a7fabf044bc39b77209b8,a03f2205263d4e691d68e485bff287e37a19b6c3,lmsysorg/sglang:nightly-dev-cu13-20260930-cae69be5@sha256:0412c5b792cb35706de0359de4a1af52c160d4bdef6ff7530baf9df4e2a7b0b4,1804.8994487209711,301.5002328902483,2852.2029431777514,5750.435831397772,11984.8458890384,14861.044942724537,8.242325550477617,8.205564553110362,0.5435988255947194,8.942719305684538,9.75628255966718,10.481660006287257,856.8022379885646,474.26846087910235,1474.5044199667366,1701.011874992402,4249.433663864636,24690.285366761986,62573.59803771542,62143.25320208445,6109.298009511675,70972.09965526126,76672.3594999034,80824.48101648505
megamoe-w4a16-tp4-ep4-dp4-c2,megamoe-w4a16,w4a16,flashinfer_megamoe,flashinfer_megamoe,4,4,4,2,20,3.5496852900435005,0.8499842037473572,41149,20,372.9816792299971,18403,146066,391.61709041995385,97.90427260498846,197.4007000555889,036b68202626ac91a1a759e6b1a5b7a8f97d868825b68d0f6754af69d1c82198,7f305c2ce6385f2840e1b5fc81b6b9c317254783f18ffbc4e860200a2f251bf4,9d38e0530a1e35d1756a7fabf044bc39b77209b8,a03f2205263d4e691d68e485bff287e37a19b6c3,lmsysorg/sglang:nightly-dev-cu13-20260930-cae69be5@sha256:0412c5b792cb35706de0359de4a1af52c160d4bdef6ff7530baf9df4e2a7b0b4,286.79539936129004,283.7587979156524,89.8948090061522,318.0449889507148,526.2294842023402,527.477875883691,5.040082145349971,5.065838164294227,0.26015212929574194,5.3141791924882575,5.5551256808424405,5.564683708734832,483.68621061793004,282.1450689807534,513.5407795545128,998.8435371778905,2414.913716260341,5900.544048640968,37071.131505211815,38064.06437791884,2345.8600069095496,39184.94283170439,40876.01215444505,41232.775133294985
megamoe-w4a16-tp4-ep4-dp4-c32,megamoe-w4a16,w4a16,flashinfer_megamoe,flashinfer_megamoe,4,4,4,32,320,3.536914211803905,0.8456971790374663,671083,320,780.4525543060154,294748,2373563,3041.264951859362,760.3162379648405,100.7548715441596,b5224edd34f669187c622d02b51df962e7d5cedec1320b7ce76db6d70943749a,14e11af12cdd0d93716e391bdda11e1806909d54553a4717a0923067ab5ead08,9d38e0530a1e35d1756a7fabf044bc39b77209b8,a03f2205263d4e691d68e485bff287e37a19b6c3,lmsysorg/sglang:nightly-dev-cu13-20260930-cae69be5@sha256:0412c5b792cb35706de0359de4a1af52c160d4bdef6ff7530baf9df4e2a7b0b4,1759.1884365639999,608.6566378362477,2269.2666170416287,5084.343852661551,8630.45251505915,14501.049121507547,10.015517445882274,9.925078407367256,0.7003246419912647,10.842861877031584,11.989274773118492,13.209130094881052,1000.4522593953064,540.5193958431482,1463.9895445637014,2047.9181329719722,5071.112236194317,14136.058587451585,76045.89492621453,76054.31953212246,7370.492419969045,84905.41689307429,94231.2266550446,104392.00720689712
megamoe-w4a16-tp4-ep4-dp4-c4,megamoe-w4a16,w4a16,flashinfer_megamoe,flashinfer_megamoe,4,4,4,4,40,3.5349193793732887,0.8449974647601664,82175,40,436.16247416706756,37148,290482,665.9949381356771,166.49873453391928,177.72723166276492,4d78ddf838b5ba30267005e4da5b46930e0f549e657be537d0f20fa2db515ba1,e540a5857c00bdf3b72678e17ae39daf61a45d1f20023f0f3667c50ea80552dc,9d38e0530a1e35d1756a7fabf044bc39b77209b8,a03f2205263d4e691d68e485bff287e37a19b6c3,lmsysorg/sglang:nightly-dev-cu13-20260930-cae69be5@sha256:0412c5b792cb35706de0359de4a1af52c160d4bdef6ff7530baf9df4e2a7b0b4,905.1034584641457,291.34729807265103,1222.8077879852283,2404.2763876263066,4773.647732366808,5113.179300519178,5.684791549911075,5.626599765518695,0.511160927441069,6.333054649234133,7.217096430566112,7.294355615273525,599.764335608936,305.4221635684371,1438.8314262976362,1133.3446754142647,2916.7482543736705,29220.92487709396,42183.88365978608,41536.28287324682,4334.628965956454,48314.808783400804,52276.67671788018,53816.31779370041
megamoe-w4a16-tp4-ep4-dp4-c8,megamoe-w4a16,w4a16,flashinfer_megamoe,flashinfer_megamoe,4,4,4,8,80,3.549509458082334,0.8498827161610497,165837,80,548.6839207638986,73937,588640,1072.8216696790987,268.2054174197747,144.4705763917668,d862410a07356f7b8909b15327767328a38dcea10cc650bd7d68aacaf09908f7,8ed0cf69948201980a6854a5096b43bc27ec122a15c4fd95d1c313f1e5c25c83,9d38e0530a1e35d1756a7fabf044bc39b77209b8,a03f2205263d4e691d68e485bff287e37a19b6c3,lmsysorg/sglang:nightly-dev-cu13-20260930-cae69be5@sha256:0412c5b792cb35706de0359de4a1af52c160d4bdef6ff7530baf9df4e2a7b0b4,1859.0528253931552,290.1266280096024,3766.909545897064,6432.933380641055,15168.70940070599,15564.34607646801,6.963334786416623,6.921824671677498,0.46389121620125545,7.654670401585643,8.09947483066964,8.173041448324247,718.1283083668627,374.62380016222596,1154.8642762280638,1472.1877697855236,3557.2463868837654,11944.24621952421,53088.53088208707,51875.02308213152,6168.757057742682,63826.916615432136,68179.74261683878,68234.02606120845
megamoe-w4a16-tp8-ep8-dp8-c1,megamoe-w4a16,w4a16,flashinfer_megamoe,flashinfer_megamoe,8,8,8,1,10,3.4277630907657346,0.8093625836773186,21561,10,342.15864025987685,9169,73906,215.9992217173496,26.9999027146687,218.1759503145299,4bb65d091dee10ca15ff03ab0a6b689c59455d6bd980ddbec80b36e98709c6df,ae6dce028937a9032cf5e0e51a5108d4f1d1322a2b00b56aed76fb83658d1d17,9d38e0530a1e35d1756a7fabf044bc39b77209b8,a03f2205263d4e691d68e485bff287e37a19b6c3,lmsysorg/sglang:nightly-dev-cu13-20260930-cae69be5@sha256:0412c5b792cb35706de0359de4a1af52c160d4bdef6ff7530baf9df4e2a7b0b4,281.8086747545749,289.94755703024566,32.87282679506046,301.5317791607231,303.79618336912245,304.0226237899624,4.6060193136776535,4.583456602610718,0.3618342602227678,4.904894692088864,5.426486609824177,5.478645801597708,448.85504928543156,266.5052264928818,467.3532626990988,915.1673833839595,2287.0753268944127,4400.150655349814,34215.250163152814,34557.86396260373,2119.73528228252,36704.48704268783,36780.364461541176,36787.95220342651
megamoe-w4a16-tp8-ep8-dp8-c16,megamoe-w4a16,w4a16,flashinfer_megamoe,flashinfer_megamoe,8,8,8,16,160,3.5291900832378724,0.8431431194910616,334343,160,493.372734606266,148067,1179960,2391.6197982477934,298.95247478097417,163.49677128132052,62215b834dcb6289f2a5e8eeb4d5e86f2ada5f74795c7c33e8043395438a6e0c,3424abe335524c70497350a06afd5a4171c73737768090291856ef81220afedf,9d38e0530a1e35d1756a7fabf044bc39b77209b8,a03f2205263d4e691d68e485bff287e37a19b6c3,lmsysorg/sglang:nightly-dev-cu13-20260930-cae69be5@sha256:0412c5b792cb35706de0359de4a1af52c160d4bdef6ff7530baf9df4e2a7b0b4,2127.4648971593706,310.85638795048,3053.7370573709077,6580.164773436262,11172.863840442149,14966.615332833058,6.223336415012023,6.116328733362882,0.4884354420187823,6.905912346553001,7.840523588251479,7.96615539767644,638.0326367912411,334.0903236530721,1219.4715680965123,1275.3013157285761,3300.120241660625,19336.916379064354,48021.94978726038,47821.88368355855,5492.28224815806,55539.89084074274,60724.66648587957,64376.856333736825
megamoe-w4a16-tp8-ep8-dp8-c2,megamoe-w4a16,w4a16,flashinfer_megamoe,flashinfer_megamoe,8,8,8,2,20,3.473213648793247,0.8243569928268537,42055,20,351.00354636413977,18403,146066,416.13824564743146,52.01728070592893,213.7667237228178,981db6dbaaa613b27d3ba96d2a4067955e87c34707c19366a1f8e8180f888ff3,63aaf744611f312787c2e882dc59d72792cff76ddec3071dcfe75f0a7bb58963,9d38e0530a1e35d1756a7fabf044bc39b77209b8,a03f2205263d4e691d68e485bff287e37a19b6c3,lmsysorg/sglang:nightly-dev-cu13-20260930-cae69be5@sha256:0412c5b792cb35706de0359de4a1af52c160d4bdef6ff7530baf9df4e2a7b0b4,274.02980006299913,286.2279878463596,86.33785538324611,322.34445377253,520.4129626462234,552.380541595165,4.741880802289552,4.677996568337069,0.2520026384742421,5.091715030408875,5.253071379870896,5.257432260781027,471.0820535444474,263.30882823094726,435.81754311531375,1032.5138096697628,2199.0514271892584,3220.8208036088167,34875.00642007217,34814.909997629,2191.907021533937,38412.54644203,39518.689019167796,39659.69834323321
megamoe-w4a16-tp8-ep8-dp8-c32,megamoe-w4a16,w4a16,flashinfer_megamoe,flashinfer_megamoe,8,8,8,32,320,3.550713190470848,0.8502955732575389,668475,320,572.2535468768328,294748,2373563,4147.747118308148,518.4683897885185,138.49207444191646,6cc3c2775a257d8427a142174ab49545669961c610d73a88d2698dea9a9b082b,50f2d9e5ec111d4950043a1400b91c823ac80751f8c0beb4144f0ec975a09edf,9d38e0530a1e35d1756a7fabf044bc39b77209b8,a03f2205263d4e691d68e485bff287e37a19b6c3,lmsysorg/sglang:nightly-dev-cu13-20260930-cae69be5@sha256:0412c5b792cb35706de0359de4a1af52c160d4bdef6ff7530baf9df4e2a7b0b4,1724.419528915314,421.13845190033317,2419.9716531461895,5661.038623657079,9730.366441942753,13435.096521073585,7.240377259752854,7.22062980159489,0.465384485279174,7.800719627959659,8.365131610895359,8.998926333806372,769.2271146064577,404.2594810016453,1497.9203744952579,1535.864494834095,3887.750629410141,20707.76304497007,55445.31798150856,55080.834408989176,5691.727507909371,62631.917638238534,68713.95391080528,71910.77321165716
megamoe-w4a16-tp8-ep8-dp8-c4,megamoe-w4a16,w4a16,flashinfer_megamoe,flashinfer_megamoe,8,8,8,4,40,3.5241549996360373,0.8414739685697878,82426,40,383.8986282548867,37148,290482,756.6632923917003,94.58291154896254,198.9794082938456,eab5f2dbd1d6d407c6fa2b5f43525ddebc9e5907f14a15945a7350ea444619c4,1ecf76b40a546779c73710a5bf63a8da242b37f4885f675c313901057993f7c8,9d38e0530a1e35d1756a7fabf044bc39b77209b8,a03f2205263d4e691d68e485bff287e37a19b6c3,lmsysorg/sglang:nightly-dev-cu13-20260930-cae69be5@sha256:0412c5b792cb35706de0359de4a1af52c160d4bdef6ff7530baf9df4e2a7b0b4,299.70488731050864,284.6252939198166,89.45655352193397,342.90416841395233,549.5068651111796,549.6121886321343,5.0950205016252585,5.025645661400481,0.32510898743469313,5.6037729621722745,5.758467778841962,5.775714754224489,556.2713853032413,284.51754013076425,1230.492532312218,1077.777355443687,2560.4819146543755,25055.014174833977,37277.845007774886,36506.16814242676,3118.674624923365,42252.17270003632,43878.450614553876,44047.52892937186
megamoe-w4a16-tp8-ep8-dp8-c8,megamoe-w4a16,w4a16,flashinfer_megamoe,flashinfer_megamoe,8,8,8,8,80,3.5057293279653146,0.8353225178867792,167908,80,433.9726875061169,73937,588640,1356.3987249582453,169.54984061978067,183.39828579299,77d21d9dcd4852f0af3b805ec57dd82fc72eaa2a8b0b0cba642f0692013c208e,ed46da5cdd41f76329c6b92ba4d088e7c06d60f64ec3677223bf86614f316e64,9d38e0530a1e35d1756a7fabf044bc39b77209b8,a03f2205263d4e691d68e485bff287e37a19b6c3,lmsysorg/sglang:nightly-dev-cu13-20260930-cae69be5@sha256:0412c5b792cb35706de0359de4a1af52c160d4bdef6ff7530baf9df4e2a7b0b4,1869.323428120697,299.15088252164423,2920.790127628081,6253.625759761784,11425.808509970066,13377.26808862483,5.539510990106741,5.452613669076196,0.3658613821146567,6.021074286217968,6.540004359984156,6.777683436845095,576.3192263530661,301.58563097938895,1077.2248836981094,1143.8178782351315,2835.6816795468344,16324.150222236398,42607.88851357065,42149.73317901604,4609.790724596435,49932.31271491386,54322.321950509184,57693.927929276164
megamoe-w4a4-tp4-ep4-dp4-c1,megamoe-w4a4,w4a4,flashinfer_megamoe,flashinfer_megamoe,4,4,4,1,10,3.515817515817516,0.8386692672406958,21021,10,349.3011591187678,9169,73906,211.58246421641792,52.89561605410448,215.02890949490245,fb9b7b4cd82214667de677b775f63369ec4e0aa1d4c7326f888cb901b03429f2,6a59a5c25fa8a743d320592352dff6fa6211405e97dd27db60906a515ed76bdc,9d38e0530a1e35d1756a7fabf044bc39b77209b8,a03f2205263d4e691d68e485bff287e37a19b6c3,lmsysorg/sglang:nightly-dev-cu13-20260930-cae69be5@sha256:0412c5b792cb35706de0359de4a1af52c160d4bdef6ff7530baf9df4e2a7b0b4,245.73982879519463,263.6693059466779,39.89560941875456,271.4339002966881,281.8013131339103,282.8380544176325,4.684559352426921,4.650537466561938,0.2105169196825134,5.004281894100517,5.026403073347799,5.028615191272527,452.79098303767296,280.8704604394734,375.3446303378096,956.5598850604147,1785.39265349973,2463.656572403891,34929.5288852416,34278.11732166447,3542.9594355888576,40206.46791616455,40752.194881429896,40806.76757795643
megamoe-w4a4-tp4-ep4-dp4-c16,megamoe-w4a4,w4a4,flashinfer_megamoe,flashinfer_megamoe,4,4,4,16,160,3.4819096856437177,0.8273533933540484,338883,160,636.3932557301596,148067,1179960,1854.1365568781594,463.53413921953984,122.83992468877308,a91247b78bb58ecfdc303d4bd648b4044e4668a4b1d8a2672039b8f429fbf841,d9293682779823242d5e9a26449880ed2c6fd2b05d6123b2327cf0587bfd7640,9d38e0530a1e35d1756a7fabf044bc39b77209b8,a03f2205263d4e691d68e485bff287e37a19b6c3,lmsysorg/sglang:nightly-dev-cu13-20260930-cae69be5@sha256:0412c5b792cb35706de0359de4a1af52c160d4bdef6ff7530baf9df4e2a7b0b4,1769.5435714558698,280.3341783583164,3141.8073743793866,5904.9604762345525,12842.897664881306,15745.24965851756,8.196423291606557,8.1406757821905,0.5197742268064002,8.850409922717857,9.68247480269035,9.803025691882654,858.4202244912796,494.90630091167986,1348.931156916449,1739.4524003844708,3933.620008672587,14135.191784743456,62191.59698381263,61966.11789194867,6171.9843631826225,70514.91806632839,78818.6993006151,80123.74803899648
megamoe-w4a4-tp4-ep4-dp4-c2,megamoe-w4a4,w4a4,flashinfer_megamoe,flashinfer_megamoe,4,4,4,2,20,3.3786547002220577,0.7930236861584011,43232,20,396.30783602269366,18403,146066,368.5670247298261,92.14175618245652,186.6328706884017,5abd22322ca7c8b619de5daa398220e0d0cbb5624a23a14e458d2f9a86f2746e,f2e379364ac35af024a33a6cec0f00671f243848955e4cb66c5bea6d2c4beb9d,9d38e0530a1e35d1756a7fabf044bc39b77209b8,a03f2205263d4e691d68e485bff287e37a19b6c3,lmsysorg/sglang:nightly-dev-cu13-20260930-cae69be5@sha256:0412c5b792cb35706de0359de4a1af52c160d4bdef6ff7530baf9df4e2a7b0b4,283.8548829080537,269.79279052466154,77.8384170211606,302.8260807041082,507.4594828067347,508.68914222111925,5.355595416735611,5.358112942867277,0.5877615820577912,5.59243407788918,7.279840192597171,7.618124826756164,524.3135497686548,325.2178984694183,481.8396334423956,1099.2129956837744,2380.1920763915227,3792.118969613881,39345.21416092757,39766.2740573287,4171.541427426561,41892.05765267834,51462.284765052595,53348.2963636364
megamoe-w4a4-tp4-ep4-dp4-c32,megamoe-w4a4,w4a4,flashinfer_megamoe,flashinfer_megamoe,4,4,4,32,320,3.4681236246957163,0.8227736264977971,684394,320,738.0173696130514,294748,2373563,3216.134331966304,804.033582991576,106.62849263335802,636fcf6197ebf836e89bcfc595315f34fc1582a7f47d33f4af22a8b8d2c510c4,2e9d3af19f8fb0b063027e82ac1ae407263f608ac1356b5355f3bdf6d26c5ec5,9d38e0530a1e35d1756a7fabf044bc39b77209b8,a03f2205263d4e691d68e485bff287e37a19b6c3,lmsysorg/sglang:nightly-dev-cu13-20260930-cae69be5@sha256:0412c5b792cb35706de0359de4a1af52c160d4bdef6ff7530baf9df4e2a7b0b4,1873.404791863868,296.98510537855327,2876.4351824093933,6153.743174299603,11476.702787033282,19127.442135430956,9.422564885220181,9.378356340818764,0.6114828651680321,10.205634444416615,10.985982799615835,11.942459084653347,988.6947156752409,593.1555621791631,1450.1912584712306,2029.1006295010448,4653.1963498378445,15071.206341266963,71767.94165693864,71280.1000138279,7076.939386752745,81146.3778580539,88415.05848101806,92010.42379646753
megamoe-w4a4-tp4-ep4-dp4-c4,megamoe-w4a4,w4a4,flashinfer_megamoe,flashinfer_megamoe,4,4,4,4,40,3.478534733615146,0.8262261447144151,83507,40,439.12122125411406,37148,290482,661.5075426562034,165.37688566405086,173.4683926642126,04d553afb38fe81f6ff2636deb6c2ae9d63e35b4581ec3371a50df0efe8c73fb,07d4da87410a9e82705c07222d5848ad1d1a8ae0627f74d30de6be064e6b540f,9d38e0530a1e35d1756a7fabf044bc39b77209b8,a03f2205263d4e691d68e485bff287e37a19b6c3,lmsysorg/sglang:nightly-dev-cu13-20260930-cae69be5@sha256:0412c5b792cb35706de0359de4a1af52c160d4bdef6ff7530baf9df4e2a7b0b4,770.8605317748152,265.8352144062519,1134.011446312452,2922.1684839576487,4422.91092496831,4602.294377513698,5.839100537357507,5.764738951237802,0.3960463438497996,6.2764526588572425,6.773079783806751,6.803525396452612,576.6348753290783,324.3821004871279,594.8135983546169,1250.54373270832,2815.7160938950265,5426.042834875246,43153.52362777339,43233.63202996552,3847.1695192281177,48831.874945620075,50668.02255299408,51070.526365379344
megamoe-w4a4-tp4-ep4-dp4-c8,megamoe-w4a4,w4a4,flashinfer_megamoe,flashinfer_megamoe,4,4,4,8,80,3.4985408878296376,0.8328945100533126,168253,80,536.7539930050261,73937,588640,1096.6662710872242,274.16656777180606,146.58515877416735,f13472575fdd99bfc581011a54514e74ea56c1bac96d200e0d0dfa58bbe08115,9d79ea469a3f53a3a06508dda5ed07326bf68052095706cef5f42515a51a06b8,9d38e0530a1e35d1756a7fabf044bc39b77209b8,a03f2205263d4e691d68e485bff287e37a19b6c3,lmsysorg/sglang:nightly-dev-cu13-20260930-cae69be5@sha256:0412c5b792cb35706de0359de4a1af52c160d4bdef6ff7530baf9df4e2a7b0b4,1461.5355751069728,281.55240952037275,2248.4971935924273,4480.904868477959,8843.051563599143,9250.12211921858,6.905940110839245,6.821973031667034,0.4442682264876683,7.462430461596921,8.170707914786503,8.507947657483557,714.5891830736371,409.0973122511059,1135.7724051803646,1444.3853647913795,3390.5482161091636,9784.945849233454,52215.23216755013,52477.588809560984,4733.872403756536,58878.83161660284,62131.49965023156,62256.01776482491
megamoe-w4a4-tp8-ep8-dp8-c1,megamoe-w4a4,w4a4,flashinfer_megamoe,flashinfer_megamoe,8,8,8,1,10,3.56861419604056,0.8563978754225012,20710,10,330.0517081352882,9169,73906,223.9224890474008,27.9903111309251,232.05721657242654,c9a2cc9914c8b925b2b2a181a7c84493918cc2037478cdc3eeff3aab94bef72c,cf22b84b567f7e65005c08881ca7399ac67c671c054ae54edb374cacb1d5250b,9d38e0530a1e35d1756a7fabf044bc39b77209b8,a03f2205263d4e691d68e485bff287e37a19b6c3,lmsysorg/sglang:nightly-dev-cu13-20260930-cae69be5@sha256:0412c5b792cb35706de0359de4a1af52c160d4bdef6ff7530baf9df4e2a7b0b4,261.71408304944634,268.9578686840832,29.726986878741236,277.00624451972544,280.86088753771037,281.24635183950886,4.441533519880773,4.309282058840405,0.39357300477617724,4.830487850134025,5.416036334424215,5.474591182853234,465.7588406415606,237.96393303200603,1045.8845019976518,871.2792181409897,2341.1340537481015,17630.18134564299,33004.560332000256,32658.286036225036,2686.8372593513395,36651.035092258826,36661.32689634804,36662.35607675696
megamoe-w4a4-tp8-ep8-dp8-c16,megamoe-w4a4,w4a4,flashinfer_megamoe,flashinfer_megamoe,8,8,8,16,160,3.440196855903345,0.813441712926249,342992,160,517.9028385044076,148067,1179960,2278.342407636675,284.7928009545844,160.3161255071663,0c9679b132e847eb7684dc3c2b94895dde11f4689989e13f5e6852ab9e8599d0,cde83b65b5789c6e5a9306c777531d816b307bd5416df2737b7b8605339a0a53,9d38e0530a1e35d1756a7fabf044bc39b77209b8,a03f2205263d4e691d68e485bff287e37a19b6c3,lmsysorg/sglang:nightly-dev-cu13-20260930-cae69be5@sha256:0412c5b792cb35706de0359de4a1af52c160d4bdef6ff7530baf9df4e2a7b0b4,2456.588780588936,279.49182433076203,4042.4673583612616,8562.148365518076,16008.811227194965,19750.242435097265,6.367028888232607,6.237675697541099,0.5801963162728943,6.8979839219625765,8.953938975798616,9.379486489473399,655.6851396347065,396.4140899479389,904.8953571588263,1348.4274432994425,3066.575118247418,8314.901000299535,49424.13479750976,48602.52405540086,6634.214209580258,57824.09451082349,67903.19661484564,73967.00209884674
megamoe-w4a4-tp8-ep8-dp8-c2,megamoe-w4a4,w4a4,flashinfer_megamoe,flashinfer_megamoe,8,8,8,2,20,3.3832719523776436,0.7944934720002471,43173,20,367.7431942312978,18403,146066,397.1956579790013,49.64945724737516,202.69650256444763,19e4068e471165b3e3f1405c249dcb9900cf3d27c4cb9f66e39a0cd506ccf981,49cc3656c7fe1feb468616972e0fa93df32c1e7c35529da848e27757928084f5,9d38e0530a1e35d1756a7fabf044bc39b77209b8,a03f2205263d4e691d68e485bff287e37a19b6c3,lmsysorg/sglang:nightly-dev-cu13-20260930-cae69be5@sha256:0412c5b792cb35706de0359de4a1af52c160d4bdef6ff7530baf9df4e2a7b0b4,303.2141187461093,279.723780695349,72.25497371592667,325.63271010294585,519.8973632091655,521.1716332999058,4.928964132680113,4.933484235536075,0.354476009414801,5.2223399918018805,5.8441711871726945,5.949741347486438,498.13382322754984,298.26690489426255,523.3142892634346,1014.545202907175,2412.9696728289086,5615.933374654878,36293.38262879755,36343.530733836815,3093.321835941233,41009.70892771147,41860.62459267676,41989.239371141426
megamoe-w4a4-tp8-ep8-dp8-c32,megamoe-w4a4,w4a4,flashinfer_megamoe,flashinfer_megamoe,8,8,8,32,320,3.449394718867623,0.8165303028101127,688110,320,595.1560731409118,294748,2373563,3988.1353935844404,498.51692419805505,137.31938209109578,40e5dc0d4eace84b00815e9a247195d19a0ae76360186d04134e026e8c7f5000,1dc16f84f0da149c8b7ff80d086c850d040cee85cc1e24a902984940cb6a116d,9d38e0530a1e35d1756a7fabf044bc39b77209b8,a03f2205263d4e691d68e485bff287e37a19b6c3,lmsysorg/sglang:nightly-dev-cu13-20260930-cae69be5@sha256:0412c5b792cb35706de0359de4a1af52c160d4bdef6ff7530baf9df4e2a7b0b4,2400.4446900682524,429.90846559405327,4228.585974575129,7746.470111235997,18756.035943613388,24359.372168854446,7.384270712394697,7.282293182302654,0.6837868930025318,8.078472157576964,9.936864176095176,11.981705441615514,753.5160829468626,451.6528414096683,1086.5233578454768,1555.050825001672,3454.6874932711944,10164.076306112138,57209.320642388775,56079.34498949908,7900.816522965579,66784.06774317847,80795.1685772324,95434.74616029815
megamoe-w4a4-tp8-ep8-dp8-c4,megamoe-w4a4,w4a4,flashinfer_megamoe,flashinfer_megamoe,8,8,8,4,40,3.491663962112197,0.8305867080162994,83193,40,380.8696803129278,37148,290482,762.680819752667,95.33510246908338,192.95303067697247,08b5e5374823c47f5a35409209dbe1033f58033be59052fb530314b8e2c859a7,ef87ae6b7b35dbb7b61e00223a12d383e94e73f1e12cd9846ddd333356e97d47,9d38e0530a1e35d1756a7fabf044bc39b77209b8,a03f2205263d4e691d68e485bff287e37a19b6c3,lmsysorg/sglang:nightly-dev-cu13-20260930-cae69be5@sha256:0412c5b792cb35706de0359de4a1af52c160d4bdef6ff7530baf9df4e2a7b0b4,264.39694435102865,264.26476519554853,64.71159111534453,285.1538132876158,502.548303278163,502.6271079955622,5.173381076268996,5.182608412480056,0.27972854060998664,5.532302091820276,5.780449969037938,5.810676443548857,566.9713310978182,318.5045728459954,991.875586286413,1122.9641162790358,2615.150573486455,16055.206935802751,37826.247389707714,37508.751718560234,3087.747473691074,42586.17916549556,44404.91084445268,44671.24359427766
megamoe-w4a4-tp8-ep8-dp8-c8,megamoe-w4a4,w4a4,flashinfer_megamoe,flashinfer_megamoe,8,8,8,8,80,3.4410110717500846,0.8137132256945663,171066,80,447.9022629400715,73937,588640,1314.2152846831204,164.27691058539006,180.36142288956842,9508287b10a5aa0235fa3c350d0b8a794d81f36de39303d2bcb26004b681e97f,cca6f0ad487f7891a5191fb6cbf25f5fd9f81cdf09d00e1822bca3e57af370d1,9d38e0530a1e35d1756a7fabf044bc39b77209b8,a03f2205263d4e691d68e485bff287e37a19b6c3,lmsysorg/sglang:nightly-dev-cu13-20260930-cae69be5@sha256:0412c5b792cb35706de0359de4a1af52c160d4bdef6ff7530baf9df4e2a7b0b4,1964.8819465655833,280.22576915100217,3247.169583320113,6470.125043392182,13811.973790149197,14522.267667248385,5.68165082710535,5.5444228814510925,0.39608617820561065,6.206584011837688,6.861313727493391,7.102651410425063,577.5264874025864,346.89714876003563,877.2196872815325,1179.2206088081002,2543.5936733847534,6268.811302299241,43748.92309602001,42697.73597409949,4920.5862519343345,50990.47022145242,56531.567986980044,60636.39264986109
trtllm-w4a4-tp4-ep4-dp4-c1,trtllm-w4a4,w4a4,flashinfer_trtllm,none,4,4,4,1,10,3.4835030165912517,0.8279600301659125,21216,10,394.85891303420067,9169,73906,187.1706514919131,46.792662872978276,189.15524569951432,ec4608d1cd3bafdd4aa74e615d66320e90ee2e3e2175fe8d9fb370728db80b4f,b8bed38a2f4611c0bf7ed95a3c2ba9bb0b97d05c179fc01c36dad92f0d346124,9d38e0530a1e35d1756a7fabf044bc39b77209b8,a03f2205263d4e691d68e485bff287e37a19b6c3,lmsysorg/sglang:nightly-dev-cu13-20260930-cae69be5@sha256:0412c5b792cb35706de0359de4a1af52c160d4bdef6ff7530baf9df4e2a7b0b4,236.81197864934802,268.62454949878156,48.70916282723329,280.36978589370847,284.73243799991906,285.1687032105401,5.317744812429597,5.286662795429773,0.32541088094309395,5.750187329115614,5.96923535813179,5.9911401610334085,601.0472483321123,369.02607697993517,777.4979621213402,1198.6026554368439,2845.450215544552,7937.606166181004,39485.19705245271,38800.67862989381,2980.698799092237,42887.94606374577,46071.48093172349,46389.83441852127
trtllm-w4a4-tp4-ep4-dp4-c16,trtllm-w4a4,w4a4,flashinfer_trtllm,none,4,4,4,16,160,3.5417323260065015,0.8473141452979909,333159,160,624.9436558629386,148067,1179960,1888.106213944488,472.026553486122,125.07474679321572,5ff918831be860903e0f29576f9a6c78d2ef9f0a34ab8147f196effcc05868a4,b204f98a3b22f69010f16b6fc642538ac0934a81912db385dd4a43be4cea1f61,9d38e0530a1e35d1756a7fabf044bc39b77209b8,a03f2205263d4e691d68e485bff287e37a19b6c3,lmsysorg/sglang:nightly-dev-cu13-20260930-cae69be5@sha256:0412c5b792cb35706de0359de4a1af52c160d4bdef6ff7530baf9df4e2a7b0b4,1600.3847728250548,309.14145219139755,2314.701978827301,5741.36873264797,8920.201923409475,9512.629103705758,8.065040827228065,7.995219064111204,0.4915202831365854,8.657356364116797,9.779436779815565,10.245100586608052,862.1769050143889,448.6690463963896,1579.099609316546,1716.2882763892412,4395.858049043454,25753.38347394196,61058.25943236705,61168.804134009406,5689.56669846638,67825.56749726646,75766.816899362,79482.48926062418
trtllm-w4a4-tp4-ep4-dp4-c2,trtllm-w4a4,w4a4,flashinfer_trtllm,none,4,4,4,2,20,3.503117805065234,0.8344525454080327,41696,20,409.9557945979759,18403,146066,356.29695182925747,89.07423795731437,184.55967248665775,62ef46e18b376464b0cfd7197cc862188e9c908d468f2990d08008ef8f83a4c8,d35d38bc206bf4e0dfe55faa3f2e2ac0bc9a4241042efdfd9885542b0a269219,9d38e0530a1e35d1756a7fabf044bc39b77209b8,a03f2205263d4e691d68e485bff287e37a19b6c3,lmsysorg/sglang:nightly-dev-cu13-20260930-cae69be5@sha256:0412c5b792cb35706de0359de4a1af52c160d4bdef6ff7530baf9df4e2a7b0b4,234.3685368541628,227.3724360857159,55.39997610236047,300.0753050670028,304.0574576612562,304.4001687960699,5.54118869257066,5.418301769430656,0.4297045194289169,5.878216968585031,6.8231009952759365,7.017595545989759,567.757610618163,306.461930507794,911.1233120887038,1167.830557795242,2704.464997402392,6389.197863302387,40658.71022739448,39792.01667010784,3338.7559920267295,43356.746811559424,50698.67989958263,52106.687408012345
trtllm-w4a4-tp4-ep4-dp4-c32,trtllm-w4a4,w4a4,flashinfer_trtllm,none,4,4,4,32,320,3.5228717135826217,0.8410185853080779,673758,320,759.7557649980299,294748,2373563,3124.1131813013026,781.0282953253256,105.8410300920988,42c60481c904ddb70db3aa252770af9fb7ade762cad14085e9214ed0932a7489,de8a7d8e37112a6646611197d4cfa1a354496e556a995b5aa63430612bf8b682,9d38e0530a1e35d1756a7fabf044bc39b77209b8,a03f2205263d4e691d68e485bff287e37a19b6c3,lmsysorg/sglang:nightly-dev-cu13-20260930-cae69be5@sha256:0412c5b792cb35706de0359de4a1af52c160d4bdef6ff7530baf9df4e2a7b0b4,2281.670256819052,314.09475300461054,3829.204378909299,7034.413587208844,17717.39775544964,25777.301653517512,9.57493330559548,9.448131779611728,0.7276267671484623,10.426055930716176,11.508150248929558,13.616841848569026,1017.8262689113753,572.7575039491057,1748.7944445983205,2041.573854163289,5067.741513671364,27165.151731141457,73310.0401149015,72532.53395855427,8340.52780423266,83868.48065070808,94480.31659715343,105271.52711479006
trtllm-w4a4-tp4-ep4-dp4-c4,trtllm-w4a4,w4a4,flashinfer_trtllm,none,4,4,4,4,40,3.553948736771273,0.851422279317306,81735,40,417.51586133800447,37148,290482,695.7388374877504,173.9347093719376,181.4398686474232,7d6c3ffdd762d4f8d4e01860573a792d21b131f8843ffa6dfef5360141e7cd45,03213f80b1e52f87084f5e23dcf569a43b9ad0d7ea8972d8a6147c2ca6633664,9d38e0530a1e35d1756a7fabf044bc39b77209b8,a03f2205263d4e691d68e485bff287e37a19b6c3,lmsysorg/sglang:nightly-dev-cu13-20260930-cae69be5@sha256:0412c5b792cb35706de0359de4a1af52c160d4bdef6ff7530baf9df4e2a7b0b4,1018.7337183393539,285.8420710545033,1812.6320575620157,2072.9077643249193,7903.9005332114175,7955.7663240698175,5.548870219130529,5.511467834796639,0.3396144911829162,5.976680821078094,6.457189007571927,6.536707916660531,533.9349882379112,294.5658708922565,711.1457124008198,1067.1375117264688,2730.6915771961244,5645.553794225695,41264.08330275444,40320.79775352031,3670.0061871301814,46144.23334570602,50860.279289358296,51449.73469216424
trtllm-w4a4-tp4-ep4-dp4-c8,trtllm-w4a4,w4a4,flashinfer_trtllm,none,4,4,4,8,80,3.5104333772654353,0.836868774214838,167683,80,537.2737138681114,73937,588640,1095.6054331451955,273.9013582862989,148.71084903539074,e871ea305e40c94bfba8ce28b0479535ba4ede77123eb555dff3cb214956862b,bfbc3abbcf24d98023177e59ad64b6b3e2d5273652fc7b7c15c77219430a5596,9d38e0530a1e35d1756a7fabf044bc39b77209b8,a03f2205263d4e691d68e485bff287e37a19b6c3,lmsysorg/sglang:nightly-dev-cu13-20260930-cae69be5@sha256:0412c5b792cb35706de0359de4a1af52c160d4bdef6ff7530baf9df4e2a7b0b4,1718.9709741331171,290.20579624921083,2918.3135654697126,5254.746784549212,11839.227967350735,12882.11068542815,6.765938407704323,6.724458951626431,0.4648490315144295,7.340693506534405,7.987102317156479,8.441715322595009,678.3522008859522,356.24829051084816,1094.1624081212758,1418.1683682836594,3250.9865153022165,13336.629851483312,51493.06352759013,51421.21477704495,5567.717628893581,57446.65071368218,65522.76003935373,67255.26286039223
trtllm-w4a4-tp8-ep8-dp8-c1,trtllm-w4a4,w4a4,flashinfer_trtllm,none,8,8,8,1,10,3.485474438785135,0.8285543608124253,21204,10,393.20728883799165,9169,73906,187.95684133528505,23.49460516691063,188.0773654996331,83352723416c50314a1c7898bcf6b6f8b3226a70d6212a46fe1b524d7482b51f,ebef261b89f3efe1871677d9235437e17e695fbe815c757b649bda234810f12f,9d38e0530a1e35d1756a7fabf044bc39b77209b8,a03f2205263d4e691d68e485bff287e37a19b6c3,lmsysorg/sglang:nightly-dev-cu13-20260930-cae69be5@sha256:0412c5b792cb35706de0359de4a1af52c160d4bdef6ff7530baf9df4e2a7b0b4,268.438789434731,283.31203758716583,45.14698581805922,304.3454122263938,304.5981571590528,304.6234316523187,5.282956072708492,5.316960907781064,0.2655033041577307,5.541896438791126,5.656294172087144,5.667733945416745,527.0123815744632,294.43516209721565,575.9596333292662,1129.0378673002124,2355.062686465684,5721.03315178306,39320.05602265708,38356.323261745274,3430.8772123892736,44294.510929100215,44795.710460115224,44845.830413216725
trtllm-w4a4-tp8-ep8-dp8-c16,trtllm-w4a4,w4a4,flashinfer_trtllm,none,8,8,8,16,160,3.5425404478763554,0.8475675232099307,333083,160,508.2183175291866,148067,1179960,2321.758109264206,290.2197636580257,154.69341605212495,40655e48c34178a1199dd410d94fdcbb4cb80e546bfea9aa35865ff66752e1e2,cd98bb972421f0e0eb3b740688c72f43ce8fc45783ab30bac32ba2209ead2f7b,9d38e0530a1e35d1756a7fabf044bc39b77209b8,a03f2205263d4e691d68e485bff287e37a19b6c3,lmsysorg/sglang:nightly-dev-cu13-20260930-cae69be5@sha256:0412c5b792cb35706de0359de4a1af52c160d4bdef6ff7530baf9df4e2a7b0b4,1879.5254499535076,296.7573772184551,2661.1269314725355,6751.5847380273035,9319.025688432153,9864.562683343422,6.501328627946541,6.464399232498968,0.4066262294495142,6.98971196749783,7.5783410511137985,8.115317678109998,672.6656845198754,353.56546798720956,1215.5245452231866,1356.274217925966,3195.7763636857235,22365.50506621157,49827.97612379363,49366.75894004293,5042.889981019005,56408.16572192125,62224.15407376364,62513.1934960885
trtllm-w4a4-tp8-ep8-dp8-c2,trtllm-w4a4,w4a4,flashinfer_trtllm,none,8,8,8,2,20,3.4511388337586237,0.8171014081844816,42324,20,405.0356954517774,18403,146066,360.62500574690773,45.07812571836347,184.31647626745388,14cb944122792f31a5f9a4f8c815297f1366690df8245a399717112c7510d5b9,a1f69da6b25fe707bcee32194a1c9fd1d20daf4c9e1a339135bd05c3b1c226a8,9d38e0530a1e35d1756a7fabf044bc39b77209b8,a03f2205263d4e691d68e485bff287e37a19b6c3,lmsysorg/sglang:nightly-dev-cu13-20260930-cae69be5@sha256:0412c5b792cb35706de0359de4a1af52c160d4bdef6ff7530baf9df4e2a7b0b4,306.1254410305992,296.08411993831396,72.94125192839755,333.2878580782565,528.4768246766179,545.2408299474048,5.440431365776088,5.4254509431318665,0.37813420006567433,5.803882576054977,6.451080775934793,6.577851911937724,540.5737285992325,313.77124786376953,913.8878983495715,1080.459196306765,2326.812368389218,4036.258044140492,40011.26562117133,39478.24985254556,3194.2289698190393,43389.42426783033,47012.724765902385,47250.886665736325
trtllm-w4a4-tp8-ep8-dp8-c32,trtllm-w4a4,w4a4,flashinfer_trtllm,none,8,8,8,32,320,3.5253728018060837,0.8418468789607098,673280,320,596.6778976647183,294748,2373563,3977.9636706666456,497.2454588333307,133.6417750040024,2c0f458f238f53c3b3ace7b12c3af9dddceadc3b9841c027bc16cde719116832,660dcdf51ee65ffe1bb590eaed7d1c3f44e2606f7b575a3132cd9c2d3bcfb892,9d38e0530a1e35d1756a7fabf044bc39b77209b8,a03f2205263d4e691d68e485bff287e37a19b6c3,lmsysorg/sglang:nightly-dev-cu13-20260930-cae69be5@sha256:0412c5b792cb35706de0359de4a1af52c160d4bdef6ff7530baf9df4e2a7b0b4,1989.2420442411094,307.67256231047213,2925.636723520582,6444.286976149307,11231.337549802849,15205.480504372636,7.531106732389251,7.4826901990044,0.5189696353136768,8.204893669072346,8.877291170125158,9.32989230460527,804.4095749282199,441.5344740264118,1538.8884198467786,1612.4078126158565,4018.071413389407,28503.482517064636,57860.51444039185,57646.42035448924,6260.783451624699,66197.86179494113,73022.2287860373,78627.92807307898
trtllm-w4a4-tp8-ep8-dp8-c4,trtllm-w4a4,w4a4,flashinfer_trtllm,none,8,8,8,4,40,3.536382561692699,0.8455704215921404,82141,40,411.14908884558827,37148,290482,706.5125714265995,88.31407142832494,184.09234200307296,d15bc2bf5c906f6a8622236361fff8b6873923c1a256971a1f632e2feee9a425,52763a274d7466579b3b8127f272175fa1d73db045877d82c01ab970a3d14bc9,9d38e0530a1e35d1756a7fabf044bc39b77209b8,a03f2205263d4e691d68e485bff287e37a19b6c3,lmsysorg/sglang:nightly-dev-cu13-20260930-cae69be5@sha256:0412c5b792cb35706de0359de4a1af52c160d4bdef6ff7530baf9df4e2a7b0b4,291.05602195486426,281.6064024809748,101.07962424265196,321.6705324128273,592.2915906179696,592.4907133309171,5.5294064164588566,5.432056483823252,0.33862177180608444,5.887257293909126,6.660303063601717,6.797528869859191,572.0898714152024,323.71373218484223,821.849731858451,1146.958195744083,2677.2138041583767,6974.550138524099,40451.76482963143,39655.859139049426,3598.7865671688455,46083.82777259686,47310.45175936073,47559.67706813105
trtllm-w4a4-tp8-ep8-dp8-c8,trtllm-w4a4,w4a4,flashinfer_trtllm,none,8,8,8,8,80,3.5535593547763935,0.8512327344730996,165648,80,438.9070801967755,73937,588640,1341.1494745906004,167.64368432382506,178.12886447598424,7a6c9898c8b1923410a51d29024c82a16ba19ad3d1a43fc66521c451bd4ce068,97a6aedf06da7cd12ff1ce6559ad4ee4f61db7b37df6461d68ed45f4948852b9,9d38e0530a1e35d1756a7fabf044bc39b77209b8,a03f2205263d4e691d68e485bff287e37a19b6c3,lmsysorg/sglang:nightly-dev-cu13-20260930-cae69be5@sha256:0412c5b792cb35706de0359de4a1af52c160d4bdef6ff7530baf9df4e2a7b0b4,1375.8942060696427,288.81195606663823,2202.05288591701,4146.633437369021,9177.254219376475,10034.852449998732,5.648670997693753,5.61391329216508,0.32159578629418123,6.066281019930942,6.376521815778941,6.379175568540931,623.1376150159484,314.52113576233387,1167.95696758782,1226.4290173538038,3160.4341057129145,19011.182288820986,42931.38375112903,42697.96023378149,4096.103659332637,47511.75002106466,54373.28227989839,56502.88396636817
megamoe-w4a16-tp8-ep8-dp8-c64,megamoe-w4a16,w4a16,flashinfer_megamoe,flashinfer_megamoe,8,8,8,64,640,3.5333778311286244,0.8445110997831916,1337894,640,657.8603765089065,590968,4727285,7185.84850038616,898.23106254827,121.162280852479,87b2c0be9ad77b70868f0d8e4bfd5dde3c37ac14d57f211e26b35307fa5818ff,98d6d374320173b3df6929b2d3b9b776f98063690ad95ce2d3e4d270599f40ab,9d38e0530a1e35d1756a7fabf044bc39b77209b8,a03f2205263d4e691d68e485bff287e37a19b6c3,lmsysorg/sglang:nightly-dev-cu13-20260930-cae69be5@sha256:0412c5b792cb35706de0359de4a1af52c160d4bdef6ff7530baf9df4e2a7b0b4,2100.410463882872,526.5518678352237,4722.418538481275,4867.824152158574,20755.878374590604,51920.986418379915,8.256851739674428,8.253393654891235,0.6852809528010309,9.02888757900971,10.242536421537583,11.50254799638628,855.767627327552,521.6045905835927,1375.2842802559655,1762.0131113566458,4376.5195796173075,15949.074188942386,63084.5507752274,62373.95970453508,8083.213467573815,71627.00109612197,86484.83419205066,116181.4095812321
megamoe-w4a4-tp8-ep8-dp8-c64,megamoe-w4a4,w4a4,flashinfer_megamoe,flashinfer_megamoe,8,8,8,64,640,3.4742051957806424,0.8248090478223772,1360681,640,654.3749225470237,590968,4727285,7224.123109119138,903.0153886398922,122.92600907604488,6e5d7a5d2f2c134333adea8fcb7454e16bc64459dea8b3fcea27f7590f192337,e2768d28bbebc2e9f6aec853d94637ce8bba688ec180d592cd4a2ad5eef5dd86,9d38e0530a1e35d1756a7fabf044bc39b77209b8,a03f2205263d4e691d68e485bff287e37a19b6c3,lmsysorg/sglang:nightly-dev-cu13-20260930-cae69be5@sha256:0412c5b792cb35706de0359de4a1af52c160d4bdef6ff7530baf9df4e2a7b0b4,2460.534352686227,497.49776534736156,6020.373299809675,5524.191999854521,47316.000066362336,55289.36321869923,8.150844043540985,8.134974913090824,0.6850300819875278,8.91498645198565,10.272620735026791,12.132620685061628,834.8230521835658,549.1316756233573,1221.7614913198634,1715.3376558795571,4023.475661291738,10607.196384377408,62661.711527977604,61524.10918334499,9100.544465124034,70731.4404389821,106724.62107900997,130333.65874285193
trtllm-w4a4-tp8-ep8-dp8-c64,trtllm-w4a4,w4a4,flashinfer_trtllm,none,8,8,8,64,640,3.5190846911551015,0.8397663613552808,1343328,640,793.5208193799481,590968,4727285,5957.3547215734925,744.6693401966866,101.32030977308956,90d33b5854dea05fbd8e155569b25feea09efb365748c84b22df273dc698ec8b,db1d46124d22191a055106dd36fbedb23e53d1a98044c6d1919da8fb1dad87f1,9d38e0530a1e35d1756a7fabf044bc39b77209b8,a03f2205263d4e691d68e485bff287e37a19b6c3,lmsysorg/sglang:nightly-dev-cu13-20260930-cae69be5@sha256:0412c5b792cb35706de0359de4a1af52c160d4bdef6ff7530baf9df4e2a7b0b4,2767.843318591622,484.07488060183823,6970.242580032764,6954.08763037995,56201.643600259,62139.029697346145,9.901041564112877,9.869689524632678,0.7815664145486476,10.865945511390596,12.006083911046115,12.834288172547883,1019.3841376252011,615.3565170243382,1616.4528967937756,2091.4600737392916,5021.136628114618,18993.561219883504,75873.61368089696,75038.79186464474,10410.899738145821,86431.20031622238,125907.43967344057,147069.7470475646
