case_id,arm_id,precision,moe_runner_backend,moe_a2a_backend,tp,ep,dp,concurrency,completed,duration_s,input_tokens,output_tokens,output_tok_s,output_tok_s_gpu,interactivity_tok_s_user,result_sha256,case_manifest_sha256,sglang_commit,flashinfer_commit,image,mean_ttft_ms,median_ttft_ms,std_ttft_ms,p90_ttft_ms,p99_ttft_ms,p99.9_ttft_ms,mean_tpot_ms,median_tpot_ms,std_tpot_ms,p90_tpot_ms,p99_tpot_ms,p99.9_tpot_ms,mean_itl_ms,median_itl_ms,std_itl_ms,p90_itl_ms,p99_itl_ms,p99.9_itl_ms,mean_e2el_ms,median_e2el_ms,std_e2el_ms,p90_e2el_ms,p99_e2el_ms,p99.9_e2el_ms
megamoe-w4a16-tp4-ep4-dp4-c16,megamoe-w4a16,w4a16,flashinfer_megamoe,flashinfer_megamoe,4,4,4,16,160,644.9628282822669,148067,1179960,1829.500784010443,457.3751960026108,121.57450993787192,e84e72cc203e6b168f51b51fa2ba3f8b5a6669846d5627e31d7cdc00ea582059,6dfc8872c1388441b97cfaa7459799386d709061c68684fe63706a1da8dc98ab,9d38e0530a1e35d1756a7fabf044bc39b77209b8,a03f2205263d4e691d68e485bff287e37a19b6c3,lmsysorg/sglang:nightly-dev-cu13-20260929-79cafec0@sha256:0f075735a6bf913a7cc1cd7ece4f526ae8af70fc5b88fdc02d9efe92a61cf3ae,1749.6793616650393,302.79510002583265,2770.034501350457,5768.6667343601575,10654.400812704114,15136.005607556592,8.265897866084346,8.225408438915599,0.548849866187663,8.938188877632426,10.264986563511044,10.443419798597851,824.9639035061919,457.6359619386494,1232.3651613709344,1670.1118118595332,4062.712164698168,8895.08926085901,62693.88756797707,62785.451049450785,6101.409255417727,70102.7431874536,76918.94814213736,84189.7041890915
megamoe-w4a16-tp4-ep4-dp4-c32,megamoe-w4a16,w4a16,flashinfer_megamoe,flashinfer_megamoe,4,4,4,32,320,784.4643183089793,294748,2373563,3025.7118706387328,756.4279676596832,100.71586698491991,6e601b9cc41870438d45215f66761ef976d9916df787bed53f2e5eec8aebc396,3e457dbbf0f87f7f7e8e854a7a6e2a31544850acae219dfb80eaf9cdcceec8f8,9d38e0530a1e35d1756a7fabf044bc39b77209b8,a03f2205263d4e691d68e485bff287e37a19b6c3,lmsysorg/sglang:nightly-dev-cu13-20260929-79cafec0@sha256:0f075735a6bf913a7cc1cd7ece4f526ae8af70fc5b88fdc02d9efe92a61cf3ae,1914.1281326519675,312.1311564464122,2845.1929287579437,6327.1489376667905,11247.221259516664,16650.303277029838,10.049084780578875,9.928922124551924,0.7594559101420109,10.97845319254995,11.929152597376836,14.477410962100613,1028.129896869048,565.1989616453648,1716.4254377658062,2080.345308873803,5162.898506317282,23345.495661820416,76453.54532077617,76224.63012929074,7979.72761575536,86971.55594108626,101298.9541029418,106960.06224205396
megamoe-w4a16-tp4-ep4-dp4-c4,megamoe-w4a16,w4a16,flashinfer_megamoe,flashinfer_megamoe,4,4,4,4,40,431.8316338248551,37148,290482,672.6742027375777,168.16855068439443,178.90365044440298,9518d4caf4f33b97dc675e82b1f516ca1c0caaa853898c7b81770d9401d450bb,7bff83b687d1b47ed63d627b31139452392c160fb86f99f77d18e49263b74d45,9d38e0530a1e35d1756a7fabf044bc39b77209b8,a03f2205263d4e691d68e485bff287e37a19b6c3,lmsysorg/sglang:nightly-dev-cu13-20260929-79cafec0@sha256:0f075735a6bf913a7cc1cd7ece4f526ae8af70fc5b88fdc02d9efe92a61cf3ae,1507.4956730939448,293.72074315324426,2911.48590426476,4314.639115333561,11869.448085571636,13881.610559837458,5.708072065843263,5.589600869048589,0.47704908736152846,6.220926322532355,7.182157171855274,7.211225157330491,602.4329430786797,303.80425741896033,1418.6797757843244,1118.9853177405898,3010.0098995957514,24027.08916064875,42954.8819855554,41430.41494698264,5031.8780461321585,50067.6247926429,55539.931181767024,56803.60267618161
megamoe-w4a16-tp4-ep4-dp4-c8,megamoe-w4a16,w4a16,flashinfer_megamoe,flashinfer_megamoe,4,4,4,8,80,548.6206356547773,73937,588640,1072.945423019788,268.236355754947,146.37907201607126,4e2de884cd78fc37a500cbcda052ca293273be14cb32f7157d7c5e6e823d8116,af7a3ec329fa7bbc787c993fc6530b8dec015c8faf8f2a7dd4d55ae544e19546,9d38e0530a1e35d1756a7fabf044bc39b77209b8,a03f2205263d4e691d68e485bff287e37a19b6c3,lmsysorg/sglang:nightly-dev-cu13-20260929-79cafec0@sha256:0f075735a6bf913a7cc1cd7ece4f526ae8af70fc5b88fdc02d9efe92a61cf3ae,2276.4530231885146,300.7314552087337,3913.5229804897062,7934.674011357141,15677.10131306666,16850.4378020228,6.893506299519434,6.831577671774063,0.4262685980618801,7.439620194703143,8.021571321638104,8.299779642074164,719.0547376577441,376.9481321796775,1314.6477202542533,1432.59511794895,3491.0020878911073,24847.72532535405,53014.752807148034,52385.2170035243,6259.0756584153905,61354.934380669154,68706.02725632951,71482.39873531324
megamoe-w4a16-tp8-ep8-dp8-c16,megamoe-w4a16,w4a16,flashinfer_megamoe,flashinfer_megamoe,8,8,8,16,160,490.0443414738402,148067,1179960,2407.86373831232,300.98296728904,162.48873874906832,2d5fe4575e12d84e34b394d8db196393a0e9d9b78fc7a2748b9bd19cc97d584f,a28a07bc49fbf011bb4ad6ec0010ed9ce8dcf2d234003b70215f5c390d910593,9d38e0530a1e35d1756a7fabf044bc39b77209b8,a03f2205263d4e691d68e485bff287e37a19b6c3,lmsysorg/sglang:nightly-dev-cu13-20260929-79cafec0@sha256:0f075735a6bf913a7cc1cd7ece4f526ae8af70fc5b88fdc02d9efe92a61cf3ae,2035.5440340848872,442.65718990936875,2770.307995593754,6194.42425770685,11649.31058548856,13519.531207859061,6.228271750688896,6.154272644975736,0.43117756936854185,6.889558012431105,7.256832953077186,7.342406866973327,638.6645801949041,338.84163107723,1197.3082214438782,1238.6269827373326,3108.0828615557393,14596.987794267987,47951.535535469884,47431.40878295526,5232.856300920048,54566.63530035876,60020.02483718097,62155.5679466096
megamoe-w4a16-tp8-ep8-dp8-c32,megamoe-w4a16,w4a16,flashinfer_megamoe,flashinfer_megamoe,8,8,8,32,320,572.6808304339647,294748,2373563,4144.652437905713,518.0815547382141,137.94932793223654,4a5805736747f0d69a4cb1e1be738461257ae64e5ea0d001ff1bd381ee5cf0e0,5e0988de698daca9c781411babc6268b8b82c4a3921a8ae6a87784fdd38d8884,9d38e0530a1e35d1756a7fabf044bc39b77209b8,a03f2205263d4e691d68e485bff287e37a19b6c3,lmsysorg/sglang:nightly-dev-cu13-20260929-79cafec0@sha256:0f075735a6bf913a7cc1cd7ece4f526ae8af70fc5b88fdc02d9efe92a61cf3ae,1835.3729830341763,498.65998537279665,2592.55356705121,5558.935466455296,11489.091770895759,13632.316139644508,7.2701460496336034,7.2490385780728115,0.4886284377770809,7.865192383201275,8.638589475296392,9.581949267352702,773.3031925544616,405.3844981826842,1492.5508959274196,1539.9120640940964,3950.2391807734894,27608.724322404334,55775.687064637896,55741.86365050264,5809.491378393007,62743.39186167345,69849.03283607215,73764.59228596016
megamoe-w4a16-tp8-ep8-dp8-c4,megamoe-w4a16,w4a16,flashinfer_megamoe,flashinfer_megamoe,8,8,8,4,40,378.51331966696307,37148,290482,767.4287400390087,95.9285925048761,198.6920862230299,df1ef8a1f1eb3c0ef6f3039c7bbc0ed3956f465e74c5337c3bebe085b231ba81,7fd6864ea024d5b3d8c4f6ad3974a9cf27db6ddc7f58598e924762c22ab8f75c,9d38e0530a1e35d1756a7fabf044bc39b77209b8,a03f2205263d4e691d68e485bff287e37a19b6c3,lmsysorg/sglang:nightly-dev-cu13-20260929-79cafec0@sha256:0f075735a6bf913a7cc1cd7ece4f526ae8af70fc5b88fdc02d9efe92a61cf3ae,294.791927956976,286.69440746307373,91.66296380687989,332.12914173491333,546.3632517494261,546.5407389681786,5.082671614074034,5.03291308178983,0.27169910663771807,5.44306532071842,5.674794179451055,5.696622166422925,540.1338159498162,284.9612650461495,1131.1603679910486,1063.264916650951,2384.718801965935,23323.798229424676,37172.42799520027,36619.32366178371,2689.8130253157046,40993.56898362748,42914.803580301814,43142.29325916758
megamoe-w4a16-tp8-ep8-dp8-c8,megamoe-w4a16,w4a16,flashinfer_megamoe,flashinfer_megamoe,8,8,8,8,80,427.8328189039603,73937,588640,1375.8645292990898,171.98306616238622,181.6374855022044,da2ab1d436c8f103b3110beabe125d7f8b7855e5b7b6a11e88fdf81f7d600017,13d405a28e9399a1583cc1fd2b4fb19f7a89c0f0a7d6b915234737dda0b6092f,9d38e0530a1e35d1756a7fabf044bc39b77209b8,a03f2205263d4e691d68e485bff287e37a19b6c3,lmsysorg/sglang:nightly-dev-cu13-20260929-79cafec0@sha256:0f075735a6bf913a7cc1cd7ece4f526ae8af70fc5b88fdc02d9efe92a61cf3ae,1477.4707858043257,295.8434745669365,2171.864283742988,5697.727529983968,7981.9159626401915,8517.332899220293,5.509185275159556,5.505471501299018,0.29224040349728875,5.844301208949608,6.308570049753379,6.435672746226244,581.0601496927083,302.8345671482384,1214.6192364993408,1136.3513675518336,2604.2363859107695,22749.413294912723,41991.88949345262,41922.33612667769,3991.6934352649964,48515.25169257075,52960.65137159544,54003.36202801812
megamoe-w4a4-tp4-ep4-dp4-c16,megamoe-w4a4,w4a4,flashinfer_megamoe,flashinfer_megamoe,4,4,4,16,160,638.5672036330216,148067,1179960,1847.8243061760993,461.9560765440248,122.87139756807973,7b58abbe3a06d9e660428e66796ae04a119a9cf432c7d2506ba877902c0f5948,06d4440add505b1c8a8613040d33ee0d805e20d60b71a25a4c069a6732493b6d,9d38e0530a1e35d1756a7fabf044bc39b77209b8,a03f2205263d4e691d68e485bff287e37a19b6c3,lmsysorg/sglang:nightly-dev-cu13-20260929-79cafec0@sha256:0f075735a6bf913a7cc1cd7ece4f526ae8af70fc5b88fdc02d9efe92a61cf3ae,1933.6642091104295,294.7884639725089,2917.1065934379326,6512.658014846965,11820.365787441839,13725.708343983173,8.193763446481352,8.138590589774378,0.647847894071028,8.860763020946598,9.790954803166835,12.323513911240166,857.5646210755688,497.55929596722126,1236.7035602817036,1786.9290262460709,3908.1438241060578,10101.300391215163,62343.731823709095,61682.789887534454,6452.916116813167,69226.15111344494,76998.28559983986,90654.1725776858
megamoe-w4a4-tp4-ep4-dp4-c32,megamoe-w4a4,w4a4,flashinfer_megamoe,flashinfer_megamoe,4,4,4,32,320,749.139596617315,294748,2373563,3168.3854527482595,792.0963631870649,106.43816658310597,ccc20152daef0c85a083e296fd510a6f73d63ac2f38509b8b1580394008c14e6,134b4cbd98824b62193c2de439ac5e8e6aca0fcf104ad5ad665ef21fb5b4def8,9d38e0530a1e35d1756a7fabf044bc39b77209b8,a03f2205263d4e691d68e485bff287e37a19b6c3,lmsysorg/sglang:nightly-dev-cu13-20260929-79cafec0@sha256:0f075735a6bf913a7cc1cd7ece4f526ae8af70fc5b88fdc02d9efe92a61cf3ae,1905.531790664827,299.4477800093591,2834.856063970398,6069.872108055279,11526.827996941283,15207.839751518426,9.505775959908659,9.395126129114681,0.7492836937525417,10.358345964300026,11.815958712268332,12.871410027325535,961.7795648384641,572.5775877945125,1249.322722981176,1973.1238256208599,4492.377219079058,12063.651157959426,72400.96816682199,71921.26807407476,7639.371558720006,81605.1719134208,93953.14968446735,98500.51676392421
megamoe-w4a4-tp4-ep4-dp4-c4,megamoe-w4a4,w4a4,flashinfer_megamoe,flashinfer_megamoe,4,4,4,4,40,433.2555907838978,37148,290482,670.4633619947645,167.6158404986911,173.16837197694863,8371d9cde08d49de9ba4acd88dac85deb426b687275e8343cdb4f4fdab9def86,0d9e3efc1fa0a9d490f6685dff4cdd7a1a0c76bb63fbf4ec3f8b1c0e0fe72d26,9d38e0530a1e35d1756a7fabf044bc39b77209b8,a03f2205263d4e691d68e485bff287e37a19b6c3,lmsysorg/sglang:nightly-dev-cu13-20260929-79cafec0@sha256:0f075735a6bf913a7cc1cd7ece4f526ae8af70fc5b88fdc02d9efe92a61cf3ae,798.4917810419574,261.8213091045618,1423.0158484316605,2186.48688271642,5836.884475564583,6007.322222671474,5.819384095798502,5.774726577282342,0.39415085707298547,6.320785718301183,6.715296069660203,6.883787813284501,629.9660518068346,343.3956454973668,1035.9007321278536,1313.5070508811625,3044.3491993658254,19132.89381842649,43069.212572532706,42748.76513751224,3932.045329615752,47436.86158834025,54273.352728756145,56143.946160336054
megamoe-w4a4-tp4-ep4-dp4-c8,megamoe-w4a4,w4a4,flashinfer_megamoe,flashinfer_megamoe,4,4,4,8,80,540.4292305968702,73937,588640,1089.2082934705143,272.30207336762857,143.21310938533497,85bfd3cb73215604b4de0796d502948b94d30f82d2f47d0a53d9b7f3b3283c0b,e016ac6b4e268d8a258022c9600abb2c1d57bb3ee49705f3d6a40ad6aa376e99,9d38e0530a1e35d1756a7fabf044bc39b77209b8,a03f2205263d4e691d68e485bff287e37a19b6c3,lmsysorg/sglang:nightly-dev-cu13-20260929-79cafec0@sha256:0f075735a6bf913a7cc1cd7ece4f526ae8af70fc5b88fdc02d9efe92a61cf3ae,1411.7097866837867,273.0106993112713,2321.6738962746335,4193.505592923616,11202.914220266974,11317.136902966071,7.01459888102004,6.982600994363998,0.4565059452130011,7.48390497127813,8.382618001231776,8.522089663684016,719.7586041208212,435.6444750446826,898.2359268463657,1495.6169367302218,3279.063951303244,7340.603094634388,52982.41360997781,52571.97946542874,4781.514955784208,59630.97000047565,62769.401880805366,64092.791353341665
megamoe-w4a4-tp8-ep8-dp8-c16,megamoe-w4a4,w4a4,flashinfer_megamoe,flashinfer_megamoe,8,8,8,16,160,507.98246226878837,148067,1179960,2322.8360969982637,290.35451212478296,161.28495627835346,a1b79aacf5ba6b1eb09b333ca6760f00cf26800930f12a9ab72acdec092c9b84,1e068b30bb7824f98b31de79e354a797a18e3863f688af69e5d4b758ef85be5f,9d38e0530a1e35d1756a7fabf044bc39b77209b8,a03f2205263d4e691d68e485bff287e37a19b6c3,lmsysorg/sglang:nightly-dev-cu13-20260929-79cafec0@sha256:0f075735a6bf913a7cc1cd7ece4f526ae8af70fc5b88fdc02d9efe92a61cf3ae,2225.344382523326,285.8172822743654,3581.170353886494,7509.368993248789,17079.8996500764,18200.90187829174,6.306548361362764,6.200206287523501,0.5353478956615337,6.886520767974932,8.370613225527634,8.975312621688564,640.9292658449993,359.05742598697543,906.6772493775532,1327.4793387390678,3043.7822364829485,9082.41828282557,48728.76827176951,48411.41639254056,5924.393998686868,55861.42507637851,66863.35371321531,71273.95236232506
megamoe-w4a4-tp8-ep8-dp8-c32,megamoe-w4a4,w4a4,flashinfer_megamoe,flashinfer_megamoe,8,8,8,32,320,575.2451139078476,294748,2373563,4126.176724693115,515.7720905866394,141.87003048571933,9df6ee33a325f7e437374d6d3d30f70e6b73cff29f724a5d5ad71e99739e4d6a,d294f7f0ebd319c1f580d63b340cc0a286441bc27afea6ad783e06424a4ac40f,9d38e0530a1e35d1756a7fabf044bc39b77209b8,a03f2205263d4e691d68e485bff287e37a19b6c3,lmsysorg/sglang:nightly-dev-cu13-20260929-79cafec0@sha256:0f075735a6bf913a7cc1cd7ece4f526ae8af70fc5b88fdc02d9efe92a61cf3ae,2058.6604460899252,285.8271764125675,3653.1114358741784,7417.155620874839,15127.565951547585,21321.423342782105,7.177691327041742,7.048705047685601,0.6844559133111773,7.910102554347995,10.03977906027737,10.709841670197264,733.4521868246125,437.25356087088585,1013.6569844649432,1516.0443861968818,3442.050544666126,10064.663462441938,55314.16517405887,54826.24814636074,7082.133064350176,64400.524620013326,78232.140611629,84760.11475201837
megamoe-w4a4-tp8-ep8-dp8-c4,megamoe-w4a4,w4a4,flashinfer_megamoe,flashinfer_megamoe,8,8,8,4,40,384.91427121218294,37148,290482,754.6667445849847,94.33334307312309,192.56693963894676,babcbafc041a9309085ec7439815fba5528562eb0d5f196020aa3763f24a9c9f,23542d6015d1a1d290051dda8eaf664a3120c371e7df7fd605e524e527e0a72d,9d38e0530a1e35d1756a7fabf044bc39b77209b8,a03f2205263d4e691d68e485bff287e37a19b6c3,lmsysorg/sglang:nightly-dev-cu13-20260929-79cafec0@sha256:0f075735a6bf913a7cc1cd7ece4f526ae8af70fc5b88fdc02d9efe92a61cf3ae,269.81153703527525,264.3759064376354,85.35838062032754,313.2000800222161,503.9016974251718,504.07090147119015,5.20807305002953,5.192999389588624,0.3034039971148777,5.595177861268453,5.844289093136094,5.937990415468266,527.2477492423808,303.6240304354578,855.0151881788702,1068.4426737483593,2455.700000314967,5342.410724278379,38073.474981461186,37017.99700851552,3098.9360711478794,43015.54144346155,44281.646108082496,44408.312713570434
megamoe-w4a4-tp8-ep8-dp8-c8,megamoe-w4a4,w4a4,flashinfer_megamoe,flashinfer_megamoe,8,8,8,8,80,450.0157931856811,73937,588640,1308.0429818540194,163.50537273175243,175.4986919955611,17dcc48c103e98048728a059cc3f836dfeca975e0e8eb40429b0e35b5a2d1b5c,f3bb2632b7537c05c40a870368528ce6f8c912d9b801c22383830f4f201e55fb,9d38e0530a1e35d1756a7fabf044bc39b77209b8,a03f2205263d4e691d68e485bff287e37a19b6c3,lmsysorg/sglang:nightly-dev-cu13-20260929-79cafec0@sha256:0f075735a6bf913a7cc1cd7ece4f526ae8af70fc5b88fdc02d9efe92a61cf3ae,2033.9029419526921,275.6618936546147,3948.121112072723,6192.981994710865,19494.860775358964,20544.188016379263,5.69252383116453,5.698048165654095,0.31267393122745896,6.012824995465222,6.476769760145536,6.691227254762868,578.1599386243331,348.92896050587296,726.4869293752184,1200.8960341103375,2543.4900917252503,4991.115477425575,43907.13633687701,43263.92703643069,5241.033460980864,49607.159108296044,60704.69682192891,65738.8802552545
trtllm-w4a4-tp4-ep4-dp4-c16,trtllm-w4a4,w4a4,flashinfer_trtllm,none,4,4,4,16,160,625.3875998239964,148067,1179960,1886.7659037884307,471.6914759471077,125.57449388468757,2527e02628199ec40511bf2ea2ff3f28ec0f111a868505ea6c3f87842379abe2,63736a23bb3cdaff338e413ea02ced454825e353c79adb49ca69d8f74110e4dd,9d38e0530a1e35d1756a7fabf044bc39b77209b8,a03f2205263d4e691d68e485bff287e37a19b6c3,lmsysorg/sglang:nightly-dev-cu13-20260929-79cafec0@sha256:0f075735a6bf913a7cc1cd7ece4f526ae8af70fc5b88fdc02d9efe92a61cf3ae,1529.9940298398724,300.8127501234412,2347.3382094299036,5403.113506222144,9779.540048311464,10203.81431190856,8.071894929796093,7.963400600429885,0.4842449403777656,8.754949306345946,9.408382456730052,9.673764898722407,886.28030046864,471.1457390803844,1708.5434856548854,1757.8623258043085,4214.042734927511,34739.9484989825,61021.55899012869,60545.395417837426,5317.028440326883,68739.91939434782,72834.45624004118,77833.8995832415
trtllm-w4a4-tp4-ep4-dp4-c32,trtllm-w4a4,w4a4,flashinfer_trtllm,none,4,4,4,32,320,748.0497651728801,294748,2373563,3173.00146394866,793.250365987165,105.54958129655417,862907add185110d17347257100583c415d3eedd980da3c2aede8e167f4c8930,d8249751c70b87f7222cba5287e33537afe23a85af9367f853a51cf3b1429bc1,9d38e0530a1e35d1756a7fabf044bc39b77209b8,a03f2205263d4e691d68e485bff287e37a19b6c3,lmsysorg/sglang:nightly-dev-cu13-20260929-79cafec0@sha256:0f075735a6bf913a7cc1cd7ece4f526ae8af70fc5b88fdc02d9efe92a61cf3ae,1925.2422611738439,479.4475897215307,2879.220105995959,5701.141631323847,13046.04407699313,15714.296790631042,9.562949173294736,9.474220434758339,0.6607935231964026,10.446269259569409,11.291698757809746,12.235957630345236,991.2802539797977,558.1484702415764,1584.824659521096,2001.4417538419366,4955.020104241558,20188.64090085505,72832.75776749215,72521.72935614362,6944.704691854013,82762.85452246666,88971.16517340299,91860.8078993834
trtllm-w4a4-tp4-ep4-dp4-c4,trtllm-w4a4,w4a4,flashinfer_trtllm,none,4,4,4,4,40,424.41164700174704,37148,290482,684.4345626518686,171.10864066296716,180.71622407312145,03db1656f77e4c473c009501fc216a0689708a6ad0002170f1a1aff99c34b03f,71d4a4d6a3e864367a15fd50efb526a6b68de9c31615b78e3c024912187a6802,9d38e0530a1e35d1756a7fabf044bc39b77209b8,a03f2205263d4e691d68e485bff287e37a19b6c3,lmsysorg/sglang:nightly-dev-cu13-20260929-79cafec0@sha256:0f075735a6bf913a7cc1cd7ece4f526ae8af70fc5b88fdc02d9efe92a61cf3ae,781.6179329063743,276.2481146492064,1468.0400428730677,2036.058830749246,6321.95265674032,7521.4487428209,5.63765362322675,5.53353748468859,0.3522923926812884,6.173574307243898,6.409661298544424,6.431407107684352,574.2772628047179,313.1082868203521,762.8718378571691,1196.304931398482,2672.3095305263987,10550.825708814906,41684.51578610111,41224.70437316224,3494.6309923548324,46392.617258429535,49147.915265429765,49281.677665272735
trtllm-w4a4-tp4-ep4-dp4-c8,trtllm-w4a4,w4a4,flashinfer_trtllm,none,4,4,4,8,80,520.5498951976188,73937,588640,1130.8041850177146,282.70104625442866,151.00756611559717,6854b652a0987b551a8647e65d4ab662459ce6acfd7544afc9fbbd54407cbfdc,d5d9ea4c7d7e4c7cc69fc1d37f08ae53119c4bce5fe5a72647aa57fee2ee47c7,9d38e0530a1e35d1756a7fabf044bc39b77209b8,a03f2205263d4e691d68e485bff287e37a19b6c3,lmsysorg/sglang:nightly-dev-cu13-20260929-79cafec0@sha256:0f075735a6bf913a7cc1cd7ece4f526ae8af70fc5b88fdc02d9efe92a61cf3ae,1569.9323834036477,282.6465724501759,2736.468462234618,5208.2792725879735,10672.548102280076,16123.290826805916,6.677168379749965,6.622184740296352,0.4857761551836997,7.168349616061783,8.32431132921055,8.73868358639812,697.7344439181352,355.4892356041819,1475.5824731189814,1337.2930444311353,3434.2032059980565,26529.436403576536,50672.993650945136,50812.11300636642,4919.661458127522,55835.54007345811,64065.63623879566,68670.33283214695
trtllm-w4a4-tp8-ep8-dp8-c16,trtllm-w4a4,w4a4,flashinfer_trtllm,none,8,8,8,16,160,513.7446412788704,148067,1179960,2296.7830809148923,287.09788511436153,155.33785588821266,d269ae4d206a72e3d1df2b1548c4ef6b0df65b830ec3beb6b7348e7251b8a110,d8398bc9688183d7b763516bb15f77eb32eab99d86aaba94c22e4a9c7dd6f9c3,9d38e0530a1e35d1756a7fabf044bc39b77209b8,a03f2205263d4e691d68e485bff287e37a19b6c3,lmsysorg/sglang:nightly-dev-cu13-20260929-79cafec0@sha256:0f075735a6bf913a7cc1cd7ece4f526ae8af70fc5b88fdc02d9efe92a61cf3ae,1924.6688637736952,293.06406644172966,2945.7189362147283,6396.08934028074,10928.285038555041,11831.918715082118,6.504472498421732,6.437580809147,0.44218132977648594,7.216596927771343,7.776577106137795,8.152918673652012,670.8339931389369,354.92396634072065,1075.401958579257,1366.4889238774772,3340.293182437308,15056.089615444214,49897.68460578052,49433.263916522264,5404.505027725689,57487.511585326865,61788.0183032155,67433.56672558053
trtllm-w4a4-tp8-ep8-dp8-c32,trtllm-w4a4,w4a4,flashinfer_trtllm,none,8,8,8,32,320,592.515622117091,294748,2373563,4005.9078805705217,500.7384850713152,134.4401980825269,bdac12765ee7f8e1386be8ddef369fb9374a047d8165d7b17983410d1f2bf7eb,1601df134dc8e7fb44f52d2f1ad704b13657fc380b1ca767230077ef2332565c,9d38e0530a1e35d1756a7fabf044bc39b77209b8,a03f2205263d4e691d68e485bff287e37a19b6c3,lmsysorg/sglang:nightly-dev-cu13-20260929-79cafec0@sha256:0f075735a6bf913a7cc1cd7ece4f526ae8af70fc5b88fdc02d9efe92a61cf3ae,2059.9385565452394,318.28239862807095,3036.249837068157,6310.316705564037,13363.771039657297,16824.187589241334,7.465644064938548,7.438251462454288,0.5024281033600594,8.113377246448907,8.794522728875153,9.229938938491545,790.9834592509894,418.19499619305134,1482.9707113173097,1574.6115441434085,3972.690131980926,26463.75703737306,57431.25235212501,57514.409120194614,6098.381669598772,64722.47165841982,73103.10505464673,74364.47801476487
trtllm-w4a4-tp8-ep8-dp8-c4,trtllm-w4a4,w4a4,flashinfer_trtllm,none,8,8,8,4,40,412.046434937045,37148,290482,704.9739431537167,88.12174289421459,183.55520281057446,2320ba03232776b4ad65fdd5319904d2fb9c45faf0f1f3ddf708c9b4537295cb,22cbefd9b0c81e55b250bfcd1eff66eede5ac4c32f8e75569b7a6175d89c6952,9d38e0530a1e35d1756a7fabf044bc39b77209b8,a03f2205263d4e691d68e485bff287e37a19b6c3,lmsysorg/sglang:nightly-dev-cu13-20260929-79cafec0@sha256:0f075735a6bf913a7cc1cd7ece4f526ae8af70fc5b88fdc02d9efe92a61cf3ae,292.4951272085309,284.29924859665334,79.39144546601699,321.2354810442777,529.3644472770393,529.4794120527804,5.5262982343200155,5.447952358135995,0.2689796594466953,5.858691589055765,6.1989181114342164,6.202203696096621,569.6427683202871,312.92448355816305,884.5025627460793,1163.5512756649405,2497.3806626629066,7210.7788240355585,40423.82795866579,40421.93987546489,3226.700372083792,44951.05524756946,47543.385584848,48060.57111150679
trtllm-w4a4-tp8-ep8-dp8-c8,trtllm-w4a4,w4a4,flashinfer_trtllm,none,8,8,8,8,80,449.47493107197806,73937,588640,1309.6169759593029,163.70212199491286,174.52480583242863,e5d1d369108acb00cf97ec665fc5a3b72da4fd0316f59b19d0e87c8a3f8a72bd,fd4698384b91beef597b66f4b17c5c0bbd39c5998b0340b6630947b43e29eac1,9d38e0530a1e35d1756a7fabf044bc39b77209b8,a03f2205263d4e691d68e485bff287e37a19b6c3,lmsysorg/sglang:nightly-dev-cu13-20260929-79cafec0@sha256:0f075735a6bf913a7cc1cd7ece4f526ae8af70fc5b88fdc02d9efe92a61cf3ae,1944.7991494904272,304.723554989323,2958.2030011094143,5759.405114408586,12562.646810067807,13633.593353499668,5.7298369139790974,5.729844506804138,0.3277689268341043,6.154535410795666,6.526492160466355,6.620783639445896,607.60719673022,334.43148201331496,929.5547955730716,1226.0987435467541,2865.3589453408417,13981.68333937996,44112.73823355441,43160.923816030845,4864.2140870833355,50010.15948727727,56516.42443976364,57139.23635873106
